,Unnamed: 0,node_number,longitude,latitude,Mar-89,11years,22years,33years,55years,110years,1000years,10000years,100000years,1000000years,voltage
0,0,2,-3.73183,50.47192,29.22665382418593,7.800593906382757,23.16504582159459,26.727774922830505,30.696754512582757,35.676976326403306,50.64686841296842,65.95286702334737,81.26471096640351,96.57655491860088,400
1,1,5,-3.29375,56.33943,15.35752222262843,4.09892268159131,12.172372113941575,14.044454072915526,16.130005590973262,18.746927378854277,26.61305026013751,34.655784649521955,42.7015905443558,50.74739644399303,275
2,2,8,-3.40251,51.38554,18.97286025788865,5.063856403289784,15.03788904075622,17.350680706236762,19.927195129535757,23.16017051889468,32.87806954156818,42.81415646034655,52.75403795241792,62.69391945042346,275
3,3,11,-5.145416666666667,56.19764166666666,12.250345458980004,3.2696172032983246,9.709623811015913,11.202940922493928,12.866537836002726,14.95399670312636,21.228623646300942,27.64412956428069,34.06208555215378,40.48004154385843,275
4,4,14,-1.32135,53.445746,2.435744361100261,0.6501001700366252,1.930570980653472,2.227488218277231,2.5582623025503,2.973313141863404,4.220901403437034,5.496500725566322,6.772587196727206,8.04867366864992,275
5,5,17,-4.2742,57.7081,4.902413821477097,1.308454249070917,3.885653194994133,4.4832574398435385,5.149005236871887,5.984376552417131,8.49539291141154,11.062787030164069,13.631161632001664,16.19953623537259,275
6,6,20,-4.13651,51.0064,41.53371116392052,11.085347510655854,32.91961946929764,37.98257886027568,43.62285683694404,50.70020122237303,71.973768077431,93.724972617746,115.48448390301144,137.24399520126738,400
7,7,23,-0.655,51.665,7.292934594748221,1.9464842435148508,5.780379959933388,6.669388687050077,7.659769205123634,8.902485260612526,12.63792635949786,16.45723620742945,20.278004642757185,24.09877308036593,400
8,8,26,-5.21917,56.2181,8.240292050318931,2.1993339484296075,6.531255479236393,7.535747080189344,8.654778740743271,10.05892450673205,14.279602094289944,18.595043041789904,22.912132048239105,27.22922105726563,275
9,9,29,-2.61904,56.56383,20.9059659872599,5.579802322505769,16.570068641891908,19.11850589578728,21.95753607716318,25.519912682951112,36.22794846006418,47.17640284948973,58.12903843348065,69.08167402401035,275
10,10,32,-4.949,56.283,13.253567399284346,3.5373771391898403,10.504777520919834,12.120387386923271,13.920221839940083,16.17862972576638,22.967106946689924,29.908000194898104,36.85154415745335,43.79508812415392,275
11,11,35,-4.88222,55.0533,34.48810445849924,9.20487508080835,27.335271594449388,31.539371528020272,36.22285611398929,42.09962911628914,59.76443621735656,77.82585652540294,95.89417445659764,113.96249239857924,275
12,12,38,-6.645,57.5544,4.382465153800189,1.1696799496553631,3.473541880983724,4.007764383242111,4.602903151192324,5.349675213726653,7.594373865175786,9.889470866618725,12.185444361379172,14.481417857510328,275
13,13,41,-2.924,50.7867,16.368297790079644,4.368698680568508,12.97351282872225,14.968808329370844,17.19162316950325,19.980781114153316,28.36462324100957,36.93670079515996,45.512052009939374,54.08740322983831,400
14,14,44,-4.58739,55.45686,21.640366587960862,5.775813842850634,17.152154558021177,19.790115245143696,22.72887702810554,26.416395496307675,37.50059126104493,48.83365124512423,60.1710393039371,71.50842736951844,275
15,15,47,-3.67388,55.9004,18.592061093940444,4.962221106422789,14.736067623403772,17.002439870798145,19.5272417676274,22.69532897942116,32.218182670348824,41.95484506693296,51.69522587695239,61.43560669278687,275
16,16,50,-3.76771,56.013815,8.237849954557404,2.1986821530707967,6.529319874135761,7.533513783615376,8.652213807564852,10.055943440435684,14.275370186544707,18.58953220849413,22.90534180097349,27.22115139602941,275
17,17,55,0.11613,51.5229,19.326767810134942,5.158314328992887,15.318396166673226,17.67432916277341,20.29890423167263,23.592185467960714,33.491355938868324,43.612784242790205,53.738077901538695,63.86337156633203,400
18,18,60,-4.4898,57.46757,30.778210340779303,8.214704340699088,24.394809516675416,28.14667335728765,32.326354322015995,37.57096136637975,53.3355607006281,69.45410945888783,85.57881386122959,101.70351827319786,275
19,19,64,-0.126,51.373,19.5433442060166,5.216118569058944,15.490054618053064,17.872388276811723,20.52637442027484,23.85656027443731,33.86666117529933,44.101510537764085,54.340268570348805,64.57902660904611,275
20,20,67,-3.5997,57.5045,8.02660467189229,2.142300787122364,6.361886863091454,7.340329972613702,8.430342887174165,9.79807632386311,13.90930323620684,18.11283610360537,22.31797429246348,26.523112483832072,275
21,21,70,-2.0787,55.7774,49.631868917154975,13.246745815190172,39.33821930466223,45.388344125778296,52.128351925454425,60.585622392638406,86.00706564829821,111.99927540471714,138.00141153816702,164.00354768714027,275
22,22,73,-1.615,52.3859,24.66313168359136,6.58258984694759,19.54799817287426,22.55443392516113,25.90368720815384,30.106284848876804,42.73874089537022,55.65482296030559,68.57583765319141,81.49685235379116,275
23,23,76,-0.2212,52.931,17.941290269184808,4.788530373279756,14.220266667690325,16.40730995154548,18.84373717036339,21.900933033570265,31.0904619081067,40.48631562370724,49.88575759853554,59.28519957897536,400
24,24,79,-3.06273,53.366,19.796474476366583,5.283679038221483,15.690685670337182,18.10387590905209,20.79223714323244,24.16555639548142,34.3053106207978,44.67272430586782,55.04409728712843,65.4154702745808,275
25,25,82,-2.2417,52.3121,28.43685342479381,7.58979617976588,22.539050025021663,26.00550245756985,29.86722715307309,34.71286697877834,49.278223300833794,64.17060344197941,79.06867095567065,93.9667384782561,275
26,26,85,-3.718533333333333,55.78187777777778,11.520305507850324,3.07476954032414,9.130994145736915,10.535319387170537,12.099776875305238,14.06283693470194,19.96353741496243,25.99672141046929,32.03220946783152,38.06769752879696,275
27,27,88,-3.730888888888889,55.79862222222222,28.42944188522468,7.587818039854699,22.533175638759037,25.998724604633725,29.85944281306337,34.70381971242548,49.26537984391418,64.15387856178677,79.04806316989658,93.94224778689828,275
28,28,93,-1.531,55.1411,91.443226468163,24.4061971465664,72.47790130037059,83.62483060705132,96.04282076276635,111.62474655975974,158.461967149923,206.35078485959983,254.2578912205537,302.16499761010823,275
29,29,96,-3.73210833333333,57.2535416666666,15.936119011798976,4.253350164634935,12.630967929048934,14.573580836624116,16.73770579865968,19.45322047945849,27.61570063611167,35.96144616403725,44.31037891680791,52.65931167456293,275
30,30,99,-3.47587,53.24996,17.307859350564758,4.61946766108473,13.718209321580265,15.82803737645417,18.178444676514207,21.12770391114099,29.992789469207548,39.05691541266927,48.12450292913359,57.1920904510113,275
31,31,102,-0.235,50.975,24.25286170912975,6.473088790753854,19.22281819110834,22.17924203350739,25.47278065396221,29.60546829100632,42.02778405661115,54.72900773588373,67.43508198908503,80.14115624987194,400
32,32,106,-3.861916666666666,56.00741666666666,18.0884571428693,4.827809211869709,14.336911131775397,16.541894057533028,18.998306537799447,22.08057963629313,31.34548738351977,40.81841239088224,50.29495509085683,59.77149779648897,275
33,33,109,-1.2321,50.88455,23.64029450904121,6.309594605035394,18.737297428306743,21.619049329013585,24.829401323687417,28.857707509790764,40.966266355556,53.3466885920866,65.73183888906586,78.11698919343908,400
34,34,112,0.5764,51.8649,22.77249709926877,6.077979476346121,18.04948120130493,20.825448597758506,23.917953704172533,27.798387211585947,39.46246022413055,51.388416957084566,63.31892819094848,75.24943943193496,400
35,35,115,-4.381,55.8807,5.313751730275021,1.4182403369390406,4.211679621515035,4.85942595744786,5.581033442496987,6.486496737732068,9.208200373582052,11.991012155209388,14.774886687530463,17.558761221513528,275
36,36,119,-1.86428,53.8104,32.26995605283284,8.61285127128229,25.57716716807685,29.51087481099187,33.893134843438915,39.391935357247824,55.92060684509858,72.82038283289614,89.72661281401575,106.63284280522846,275
37,37,122,-3.8884444444444446,56.11042777777778,20.52124220367819,5.477119544658496,16.265136571017873,18.766675995693745,21.55346068725362,25.05028036029054,35.56126061548179,46.308235159410685,57.05931395312305,67.81039275325386,275
38,38,125,-2.13128,53.415,3.785854466878132,1.0104445573014231,3.00066825051818,3.462163910039387,3.976282946696852,4.6213925481351765,6.560507205787393,8.543159190435096,10.526568346223891,12.50997750319679,275
39,39,128,1.062026,52.073123,53.17598622526721,14.192670724811126,42.14728668313805,48.6294394041212,55.850738334290845,64.91192639104142,92.1486665316516,119.9969305226506,147.85582971437404,175.7147289227294,400
40,40,131,-2.55655,56.72038,4.282998177417891,1.1431322136565198,3.39470435550126,3.916801833338415,4.498432985894456,5.228255875645824,7.422007541799374,9.665013687701872,11.9088764335201,14.152739180677925,275
41,41,134,-0.02332,51.6644,11.831526712385603,3.1578344798221405,9.37766807245738,10.819931178724572,12.42665250643972,14.44274465911244,20.502852640312653,26.69902318066289,32.897560027129764,39.09609687729719,275
42,42,137,-1.35202,53.40147,3.0709103017675794,0.8196259596161088,2.4340035052382283,2.8083474710308045,3.225377090055792,3.748660205705968,5.321580462041958,6.929816187356373,8.538666094932076,10.14751600346827,275
43,43,140,-1.077,51.33545,14.419250405159897,3.848497933486244,11.428697871398525,13.18640449582089,15.144538701052666,17.601578971167076,24.98711902761301,32.53848046610402,40.09272575561954,47.64697104964498,400
44,44,143,-5.9358,57.2479,5.724145260661989,1.5277743702092574,4.536957533707397,5.234730840995342,6.012069767477027,6.987464120320648,9.919371322404183,12.917106195932424,15.91598589888734,18.914865603632595,275
45,45,146,-3.8747,58.0199,11.962058921940152,3.192673526555409,9.48112790175275,10.939302884364942,12.563750486139508,14.602085327330052,20.72905190625436,26.993582164760163,33.26050483583305,39.52742751064732,275
46,46,149,-3.4534,55.9193,13.548558539781528,3.616110274595679,10.738587498883398,12.390156784914126,14.230051034814776,16.53872541100379,23.47829709406795,30.573677202581283,37.67176702368908,44.76985684903446,275
47,47,152,-2.969,51.11747,6.0095394310949,1.6039460743047105,4.7631609531978425,5.49572380986222,6.311819264692872,7.335844784199541,10.4139308803575,13.56112668096736,16.709524389856654,19.857922100625554,400
48,48,155,-3.4875,56.39667,14.07475487683432,3.756552076967808,11.155650715641247,12.87136333515993,14.78271504764005,17.181053279702095,24.3901427265654,31.761091856841038,39.13485593901298,46.50862002558709,275
49,49,158,0.313,52.2803,24.870508719601897,6.637938777863822,19.71236521162008,22.744080224597116,26.12149530908309,30.35942999675771,43.09810456108024,56.12278997979314,69.15244950187729,82.1821090317402,400
50,50,161,-2.11,52.637,5.634916542613684,1.503959225360005,4.466234851780647,5.153131178338298,5.918352844907717,6.878542624189253,9.764746876895114,12.715752670773355,15.667885448328828,18.62001822764673,275
51,51,164,-1.961,52.55325,12.842509581244649,3.4276658075450936,10.178973094333909,11.744475012317354,13.48848781363836,15.676851447240042,22.25478485379435,28.980407122657837,35.70859789427787,42.43678866991468,275
52,52,167,-5.50231,55.59024,21.626168457524027,5.772024361836698,17.14090111983668,19.777131054858916,22.71396473170723,26.399063838481865,37.475987320810425,48.80161174397868,60.13156140225347,71.46151106729229,275
53,53,170,1.096,51.293,40.7639768879441,10.879905432379111,32.309528082144375,37.27865686487911,42.8144049268586,49.76058659160382,70.63989555056415,91.98799025048044,113.3442377484416,134.70048525915252,400
54,54,174,-2.949,53.268,25.54245288795209,6.817280676412756,20.244948159466965,23.35857316656745,26.827238269125218,31.17967224313681,44.26251661043813,57.63909919017701,71.02079026216478,84.40248134214148,400
55,55,177,-3.1455,51.4955,8.789520341347348,2.345922979318388,6.9665738227157545,8.03801635234634,9.231633214829966,10.72936748165094,15.231359799832568,19.83443160339396,24.439261311598734,29.04409102255262,275
56,56,181,-2.407,53.4345,12.353030092812608,3.2970237320707327,9.791011651793546,11.296846020135996,12.974387506920763,15.07934383565713,21.406565848273107,27.8758477090003,34.34760017655434,40.819352647972046,400
57,57,184,-4.7277,58.1686,20.12547330023141,5.37148882431897,15.951450138138576,18.404745333483365,21.137784607949374,24.567165259809453,34.875432682684824,45.41514305184271,55.9588785169775,66.50261398840694,275
58,58,187,-4.19661,55.85696,8.085301129612525,2.1579668716893154,6.408409675481606,7.394007883200087,8.491991776719816,9.869727089808666,14.011018327792314,18.245290530104263,22.48117979317117,26.71706905876692,275
59,59,190,-2.082,53.04094,12.8123929682366,3.419627683532517,10.155102666863163,11.716933369720865,13.456856334994932,15.6400880977378,22.20259577511164,28.912445973740063,35.62485865180049,42.33727133386824,400
60,60,193,-3.2296666666666667,55.01642777777778,5.397845031964146,1.440684839161904,4.278331972435404,4.936329281844327,5.669356637264069,6.589149431113246,9.35392565608212,12.180777099811683,15.008708112900829,17.836639127678264,275
61,61,196,-3.0448,56.4738,3.9771693615053296,1.0615065026820536,3.152304436003263,3.637121381179968,4.177220980530607,4.854930640027671,6.892036786693649,8.97488038167498,11.058519410788849,13.142158441146655,275
62,62,199,-4.23901,55.85503,13.804456899740211,3.684409546874847,10.941412538991422,12.624175835101704,14.498821082288488,16.851100539033542,23.92174336204943,31.15113744169635,38.38329241362647,45.61544738987422,275
63,63,202,-2.487,50.624,28.15684633730256,7.515062288107686,22.31711640747088,25.749435976053235,29.573135709071064,34.37106232704692,48.79299901891027,63.5387394483113,78.29011124882214,93.04148305813962,400
64,64,205,-0.3226,51.34417,17.427013553461606,4.651269917840783,13.812650942798529,15.937003895005834,18.303592335821005,21.273155446630295,30.19927178741172,39.32579878694134,48.45581119032193,57.58582359915318,275
65,65,208,-1.38885,53.22458,13.339851488242648,3.5604063625348994,10.573166289829793,12.199294186277449,14.01084601857606,16.283956713167285,23.116628644448824,30.1027088700523,37.09145706682627,44.08020526777256,275
66,66,211,-3.300438888888889,51.63585833333333,19.101659510768165,5.098232923886445,15.139975328590925,17.468467622997775,20.06247298483969,23.31739576689889,33.10126576688766,43.10480485441072,53.11216427508579,63.1195237017353,400
67,67,214,-0.0958,51.5307,15.81424969977892,4.220823245253832,12.534374312339564,14.46213135077922,16.609706460240677,19.304454610262187,27.40451330530779,35.6864358745174,43.97152129470172,52.25660671983229,400
68,68,217,-2.7245166666666667,57.41145833333333,12.012755972897256,3.206204569457088,9.521310384342296,10.985665337466276,12.61699759876156,14.663971217438975,20.816904825859726,27.107985129956365,33.4014679860336,39.69495084586807,275
69,69,220,-2.0986,57.1402,7.371151370990757,1.967360301095877,5.84237457678468,6.740917928925514,7.741920285213954,8.997964479380405,12.773468211051323,16.63374018470823,20.495486389121645,24.357232595840536,275
70,70,223,-4.1479,55.82231,10.916419950664148,2.9135924850965305,8.652354453099898,9.983066045111125,11.465515874571103,13.325673834978252,18.91706413289309,24.633993262046737,30.353105675904803,36.072218093177206,275
71,71,226,-3.60908,55.40459,4.542538258780537,1.212403461378493,3.6004158239941315,4.154151237749993,4.771027933358881,5.545076452993796,7.871764548801908,10.250691835337582,12.630527629822238,15.010363425727668,275
72,72,229,-3.60355,55.46512,19.74053125866223,5.268747793414836,15.646345075983668,18.052715836460287,20.73347998167557,24.09726650962355,34.20836661883594,44.54648284078911,54.88854717028568,65.2306115059565,275
73,73,232,-3.8697,55.6162,6.586169954464414,1.757848761005993,5.220198306031268,6.023052423495725,6.917454303408396,8.039737664140226,11.413173914324982,14.862351120075797,18.312845560248444,21.76334000248105,275
74,74,235,-4.01344,55.85142,10.541985926691853,2.8136560440892606,8.355578045692477,9.640646130180611,11.072247819179674,12.868602221874024,18.268207412738217,23.78904544350359,29.311991872144084,34.8349383040818,275
75,75,239,-2.967,55.9666,76.00016125904276,20.28444304187836,60.23772781533401,69.50214747298723,79.82296937307768,92.77339685728548,131.70067944849075,171.5019639067497,211.3184484022332,251.13493292148735,275
76,76,242,-4.457705555555556,57.28102777777778,6.87471976503346,1.8348627054538569,5.4489028858936726,6.286931225267164,7.220518169459336,8.391970417933647,11.913201881070318,15.513492622642328,19.11515830861717,22.716823996742228,275
77,77,245,-3.8938361111111113,58.50283611111111,21.94101863042725,5.856057872992191,17.390451366885642,20.06506153798551,23.04465186831869,26.783401444579518,38.0215911854456,49.51210264419184,61.00700230809981,72.50190197887028,275
78,78,248,-3.074,53.229,18.2753619447364,4.877694103492563,14.485051877738742,16.71281849884441,19.19461265120712,22.30873432795289,31.6693747146819,41.240181766799125,50.814643892501095,60.389106023919055,400
79,79,251,-4.7692,57.6344,38.01625854533496,10.146539406670216,30.13168652374116,34.76586844050548,39.92847635151843,46.406446810478165,65.87837443455932,85.78748903820181,105.70420689604084,125.62092476577024,275
80,80,254,-0.78162,53.301,2.532009152892621,0.6757932429683365,2.0068704546298908,2.315522370373362,2.659369213373242,3.0908235732149425,4.387718661137429,5.713731854737114,7.040251450333052,8.366771046720928,400
81,81,257,-3.273,56.5381,2.260940392078866,0.6034449907005832,1.7920213548038555,2.0676299886035023,2.3746656938809068,2.759929936859731,3.9179836055136574,5.102038089050576,6.286544760813848,7.471051433284274,275
82,82,260,-1.4637,52.456,28.54357834972089,7.6182810622315005,22.62364020052086,26.103102401417903,29.979320341727803,34.84314609464858,49.46316692324372,64.41143890758332,79.36541960946053,94.31940032026534,275
83,83,263,-1.1905,51.711,16.036811892447535,4.280225094482473,12.71077710625286,14.665664475979332,16.843463531208446,19.57613627887728,27.790191328991128,36.188669718521496,44.59035547147967,52.99204122945369,400
84,84,267,-4.4311,55.4469,11.44308118259643,3.0541583679120063,9.069786145539242,10.464697741724232,12.018668166488323,13.968569200856004,19.82971538172722,25.822456998091607,31.81748723144126,37.81251746836997,275
85,85,270,-2.153,57.1311,5.062583753311675,1.3512036038814434,4.012603882969206,4.6297328425096165,5.3172317162834455,6.179895988225244,8.772951386293363,11.424226498362197,14.076514127512946,16.728801758247123,275
86,86,274,-0.415399,53.800702,51.59745165006194,13.771359846650626,40.89614017880093,47.185869535062906,54.19280346989657,62.98500923491447,89.4132239662224,116.43480940004312,143.46671432756995,170.498619271235,275
87,87,277,-4.3643,55.8211,4.174210359843407,1.1140967451432564,3.308479131289696,3.817315374164269,4.384173141092104,5.095458586720667,7.233489132720692,9.41952309854956,11.606391906723522,13.793260716203054,275
88,88,281,-5.458544444444445,55.69688611111111,6.199034721173545,1.654522367231288,4.913354920117708,5.669017252643112,6.510846167869217,7.567161684819417,10.742307268541504,13.988741752582747,17.236416043973843,20.48409033730381,275
89,89,285,-2.5394,55.9152,25.606024656956336,6.834247981561528,20.295335143580918,23.41670954932316,26.89400769811264,31.257274301567296,44.37268012894784,57.78255524412001,71.19755156589903,84.61254789568687,400
90,90,288,-1.228,51.66025,14.856937295907946,3.9653165646374937,11.775608501013586,13.586669157419154,15.60424124242092,18.135863358751436,25.745586640605826,33.52616470382132,41.30971415546811,49.093263611761714,400
91,91,291,-3.98,55.95,26.25079254583628,7.006336531119194,20.806378172319175,24.00634978371738,27.57120741182619,32.04434246359407,45.48999840361076,59.23753846224789,72.99032868111182,86.74311890818623,275
92,92,294,-3.035,56.3142,21.67302618796502,5.784530690092534,17.178040556985085,19.819982449348185,22.76317940599107,26.45626307003635,37.55718708189329,48.90735089849774,60.261849321757886,71.61634775179672,275
93,93,297,-3.3087,55.9022,5.455393418904359,1.45604450363764,4.32394482392529,4.9889572817023575,5.729799708069423,6.659398747057504,9.453651255812856,12.310640789788232,15.168721402804344,18.026802017526744,275
94,94,300,-3.4198,57.5565,11.309580855948294,3.018527130726387,8.96397378663544,10.342611693001714,11.878452773405035,13.80560535210192,19.598372665673928,25.52120016096057,31.446289573158413,37.37137898889356,275
95,95,304,-4.20339,55.83535,12.867981024470051,3.4344641357425703,10.199161760234835,11.767768647147518,13.515240470458906,15.707944437988097,22.298924317760555,29.03788598144349,35.7794212421733,42.52095650692783,275
96,96,308,-3.889583333333333,56.03883055555556,18.99210083644065,5.0689917137057785,15.05313912331689,17.368276215322965,19.9474035091896,23.183657493135225,32.911411540141614,42.85757474990942,52.80753638108719,62.75749801820514,275
97,97,311,-4.203794444444445,55.37269166666667,16.473034743232716,4.396652973367599,13.056527337793328,15.064590273031522,17.30162839140365,20.108633512878807,28.546121907132243,37.173050203658406,45.80327310821107,54.43349601791602,275
98,98,315,-4.7063,55.9148,19.86230595871251,5.301249460861205,15.74286370324579,18.16407879965882,20.861379949142712,24.245916885988347,34.41938999655739,44.82127962893795,55.22714172380988,65.63300382489415,275
99,99,318,-3.7792,56.1373,8.556654566471634,2.2837711039984225,6.782004409544922,7.825060601217619,8.987054291469715,10.445108230234505,14.827826698542184,19.30894669578003,23.791778024491045,28.274609355878333,275
100,100,321,-3.209,55.94717,13.046519215106652,3.4821159788278013,10.340671130136734,11.931041822488432,13.702759132090884,15.925886007317864,22.608313148321056,29.440775262456583,36.27584668128879,43.11091810420157,275
101,101,325,-3.7535,58.57589,38.27840008022003,10.216504982337389,30.339459904295943,35.005596874163366,40.20380360561754,46.72644298214124,66.33263950037096,86.37903762585655,106.4330914338628,126.48714525384143,275
102,102,329,-1.653,52.773,14.86904077790151,3.968546983981869,11.785201720841911,13.597737791702524,15.616953529559192,18.15063807922231,25.766560764552903,33.55347742128952,41.34336788715464,49.13325835767034,400
103,103,333,-0.9924,53.736,19.25648289627055,5.139555285480779,15.262688343943,17.61005360904295,20.22508398663836,23.50638867359871,33.36955921163023,43.45417930615495,53.542650698518905,63.63112209690572,400
104,104,336,-3.5876,55.906453,15.381709946633434,4.105378385128831,12.191543303988391,14.066573746518609,16.155409957496577,18.77645333354985,26.65496516706664,34.7103666675147,42.76884451095854,50.827322359213326,275
105,105,339,-4.3489,55.9157,4.884371336178805,1.303638709744366,3.8713527211463705,4.466757587037872,5.130055214562448,5.9623520906115175,8.46412708863749,11.022072357837663,13.580994501624666,16.139916646939355,275
106,106,342,-3.4298,58.2529,14.702616214864925,3.924128268103376,11.653293612176013,13.445542528802076,15.442157810995942,17.947483615105217,25.478163639260902,33.177923752320154,40.880624389584405,48.5833250314472,275
107,107,345,-2.95,56.4617,7.724098747535042,2.061561955904091,6.12212066744026,7.06368830478266,8.11262091481098,9.428807341966897,13.385090719877434,17.43020123466262,21.476856569702715,25.52351190715868,275
108,108,348,-6.531,57.4279,6.727524056652475,1.7955761708834086,5.33223556742816,6.152320749949668,7.065918516941548,8.212288616696764,11.658126438011688,15.181330787091218,18.705880641422272,22.230430497857498,275
109,109,351,-3.583,55.0619,35.08836520077484,9.36508467293624,27.811038258788223,32.08830997684389,36.85330997162272,42.83236740445109,60.80462805766724,79.18040491649784,97.5631994506645,115.94599399580576,275
110,110,354,-2.5727,55.97658,34.46671167150455,9.19916534595895,27.318315671477,31.519807824313183,36.200387269808,42.07351494120237,59.7273646567727,77.77758156226803,95.83469181235289,113.8918020732179,275
111,111,357,-2.8414472222222225,55.804738888888885,30.108473515509257,8.0359515820183,23.86397610895389,27.53419903056416,31.622929734411027,36.753413623698826,52.17497375609389,67.9427813388989,83.71661061837706,99.49043990727228,275
112,112,360,-3.4489,56.08953,6.182838640847526,1.6501996333918816,4.900517906851004,5.654205937184629,6.493835424702223,7.547391129563662,10.714241080943973,13.95219367771701,17.191382842622776,20.43057200946235,275
113,113,363,0.9474,50.914,50.024911870151946,13.35164897935458,39.64974514921495,45.74778190630226,52.54116493900113,61.06540992540511,86.6881697815606,112.88621613249973,139.0942674690861,165.30231882131878,400
114,114,366,-4.332819444444445,57.270488888888885,4.340710854211986,1.158535727094261,3.440447423129336,3.969580076267824,4.559048610333348,5.298705740214734,7.522017839417908,9.795248114162712,12.06934653136238,14.343444949919697,275
115,115,369,-4.94,55.9746,11.990101455928984,3.2001580788777075,9.503354414192822,10.964947781698315,12.593203559588977,14.636316848573312,20.777646813404605,27.0568629469629,33.33847710159692,39.620091259981095,275
116,116,372,-2.19,57.2159,8.19885426385047,2.188274203220172,6.4984118896807175,7.497852224463067,8.611256633613971,10.008341400785431,14.207794554117276,18.50153453283994,22.796914282951843,27.092294035628107,275
117,117,375,-0.29627,51.50171,3.682837747204261,0.9829493948179728,2.919017198502749,3.367955119895473,3.868084486019719,4.495640038417934,6.381989532260887,8.310691660806034,10.240130357141595,12.169569054629042,275
118,118,378,-0.30207,52.21519,12.633237023966569,3.3718109620025083,10.0131036654314,11.553095258682164,13.268688846721744,15.421392436547636,21.892136439279746,28.508162669877706,35.12671554870707,41.74526843148774,275
119,119,382,-2.3277,55.6681,44.6937383829086,11.92875877548027,35.424257043126495,40.8724237521065,46.94183342515969,54.55764644893988,77.44977924532752,100.8558900405134,124.27093958630029,147.68598914606602,275
120,120,385,-0.90636,51.92653,18.45204222382179,4.92485006998473,14.625088666945116,16.8743926140717,19.38017994833679,22.524407944651887,31.97554397031524,41.63887848460552,51.30590340854792,60.972928338261575,400
121,121,388,-6.413,57.4723,6.930705736138767,1.8498053611432184,5.493277366592783,6.33813039584414,7.279320234913233,8.460312492868063,12.010219970400687,15.639830565045632,19.27082730129129,22.90182403970467,275
122,122,391,-4.073,55.87858,10.93600155012597,2.918818813993365,8.667874828833703,10.000973417819372,11.486082428486553,13.349577093443456,18.950997086601173,24.67818109939476,30.40755231321393,36.136923530453565,275
123,123,394,-1.13026,53.71376,0.0,0.0,0.0,0.0,0.0,0.0,0.0,0.0,0.0,0.0,400
124,124,397,-4.1916,55.7849,15.849996999310513,4.23036419949968,12.562707621948974,14.49482225620161,16.64725184893998,19.34809133880434,27.46645980066736,35.767103230644906,44.07091666105941,52.37473009643134,275
125,125,400,-4.1611,55.7395,7.396904653189138,1.9742338521152485,5.862786628255597,6.7644693054964735,7.76896895750783,9.029401510962805,12.81809607377381,16.69185504132035,20.567093390281517,24.442331741556217,275
126,126,403,-4.4629,55.8395,9.338161850890788,2.492355398228814,7.401427083190112,8.539749012835314,9.80787139232297,11.399094172411054,16.182100671739853,21.072496033898947,25.96475902903923,30.85702202710021,275
127,127,406,-3.321172222222222,57.66490833333333,15.181126758744622,4.051842732276451,12.03256106926398,13.883140421190086,15.94473743524982,18.531601436071877,26.307374560767,34.25773064569948,42.21112295697705,50.16451527300282,275
128,128,409,-1.823393,53.694321,11.351405257834404,3.0296900635908024,8.997123807571151,10.38086010852744,11.922380942707507,13.8566603994889,19.67085017170385,25.61558110626205,31.562582322614556,37.50958354251745,275
129,129,413,-0.343537,51.660537,9.469357170271362,2.5273714289746647,7.5054124933336,8.659727132411597,9.945665836273054,11.559244298793372,16.409449040699105,21.36855139162971,26.329547614613965,31.29054384055996,275
130,130,416,-3.6723,55.437,13.971148659183877,3.728899577474397,11.073532427529578,12.77661544911643,14.673897437238102,17.054581169804784,24.21060351199527,31.527294066077967,38.84677885080666,46.16626363990512,400
131,131,419,-1.21898,52.59645,13.12395812721224,3.5027844244706574,10.402049211873068,12.001859707610617,13.78409322147814,16.020415687333685,22.742507039111576,29.61552391152383,36.49116557642025,43.36680724542146,400
132,132,421,-4.0073,56.706,24.66924104081542,6.58422043439084,19.55284044941017,22.560020932342663,25.91010386604649,30.11374254124089,42.74932780050402,55.668609335818175,68.59282472095465,81.51704011380694,275
133,133,424,-4.481,55.9036,6.655476929134994,1.7763467925472487,5.275131014156462,6.086433651833422,6.990247418907373,8.124340688128239,11.533275970734088,15.018749239126176,18.505553603339568,21.9923579696346,275
134,134,427,-3.1252194444444443,55.15855277777778,23.370242518516424,6.237517728757791,18.523254220611765,21.37208678367301,24.545765718029617,28.52805504492741,40.49829326116601,52.73728927023428,64.9809593293354,77.22462939574606,275
135,135,430,-3.40333,50.76802,29.20491022625528,7.79479054009454,23.147811845874344,26.707890402522462,30.673917211675413,35.65043391640696,50.60918893211362,65.90380042025431,81.20425289235119,96.50470537358252,400
136,136,433,-4.160388888888889,57.33611666666667,4.252571417185116,1.1350113113496556,3.370588105340196,3.888976561104904,4.46647575962089,5.191113929426324,7.369281008990919,9.596352660556752,11.824274826684276,14.05219699414188,275
137,137,436,-2.666025,55.82499166666667,24.02472112561352,6.412198069007848,19.04199396460912,21.970607469877017,25.23316459908699,29.326977080682926,41.632439239427775,54.2141856950922,66.80073709655372,79.38728850552947,400
138,138,439,-4.457705555555556,57.28102777777778,7.224704632101843,1.9282736664828808,5.726300891538597,6.606992386208534,7.588107275353715,8.819196945202576,12.519690657225532,16.303268473713022,20.08829123159966,23.87331399174597,275
139,139,442,-4.7894,57.3228,36.626066628124434,9.775497183933073,29.02982041013417,33.49453793218732,38.46835778082273,44.70943953698613,63.46931086117589,82.65038195764905,101.83877826984434,121.0271745934952,275
140,140,447,-4.7145,57.1366,32.825021138342784,8.760998142618332,26.017111754862384,30.018481831702346,34.47611970276977,40.06950330719096,56.882479131798455,74.07294270492795,91.26997128443293,108.4669998742046,275
141,141,450,-1.33271,50.82193,23.97277815575811,6.398334490352183,19.00082396670076,21.92310562394316,25.178608897846008,29.26357029737471,41.5424272669635,54.096971189309926,66.6563096688561,79.21564815590024,400
142,142,454,-1.97212,52.25257,30.98668676802375,8.270346699135677,24.56004793291325,28.337325050007063,32.545317113558255,37.825448541140005,53.69682950140739,69.92455736463396,86.15848256724165,102.39240777954106,400
143,143,457,-5.181380555555556,56.369455555555554,10.918962310519609,2.9142710409420145,8.654369527521382,9.985391033198995,11.468186115127384,13.328777293654092,18.921469788286707,24.63973035129689,30.36017470748363,36.0806190670855,275
144,144,462,-1.27258,53.7201,17.132676262564623,4.572711294893253,13.57935920602809,15.667832442474374,17.994449879181428,20.913857915599927,29.689214696005894,38.66159725626605,47.63740635289974,56.61321545489203,275
145,145,466,-2.273,56.96094444444445,21.20518859427432,5.6596648363251605,16.807232480217113,19.392144969908237,22.27180958132108,25.885173719366573,36.74647131577007,47.85162858451624,58.96102689236875,70.07042520685363,275
146,146,469,-2.292,56.921,5.552665716629202,1.4820064799027557,4.401042847103813,5.077912797973766,5.831964802373288,6.778139040900935,9.622214420543688,12.530145456846393,15.439187026655745,18.348228598201807,275
147,147,472,-2.68833,53.37157,8.624751759216807,2.3019462447437573,6.835978244516015,7.887335483984507,9.058576773012394,10.528234473426036,14.945832323852708,19.462614820937382,23.981122268938236,28.49962971963665,275
148,148,475,-4.278133333333333,55.86244444444445,14.213640263052474,3.793620586552795,11.265731272760348,12.998374020859345,14.92858636878992,17.350590670673895,24.630817212347765,32.07450061939846,39.52102675543178,46.96755289591072,275
149,149,478,-0.87978,51.25048,22.435093214373925,5.987926379459519,17.782054882130986,20.51689274501509,23.563578403855463,27.386518289257644,38.877773031984304,50.627031350388265,62.38077668890308,74.13452203443492,400
150,150,481,-2.16339,55.01232,11.677876241828791,3.116825169226808,9.255884709491188,10.679417823397149,12.265273417208432,14.255183529686812,20.236591739879305,26.352295528784992,32.47033489370315,38.58837426227381,275
151,151,484,-2.02397,57.68622,17.05165571238573,4.551086910048546,13.515142317954792,15.59373914933408,17.909353995325656,20.814956129987632,29.548814184598022,38.47876628272213,47.41212871310445,56.34549114882002,275
152,152,489,-2.716069,53.309609,24.91187673453429,6.64897990105028,19.74515350025626,22.78191127425365,26.164944135168053,30.40992793259024,43.16979119415805,56.2161410422948,69.26747326740849,82.31880550031389,400
153,153,492,-5.078256,56.82061,13.081871237444428,3.491551433590609,10.368691143042314,11.963371246917069,13.739889361153509,15.96904022098948,22.66957466783144,29.52055063606847,36.374142979408965,43.227735326841085,275
154,154,495,-2.769525,55.60803611111111,4.470932698763494,1.1932919374082107,3.543661257123288,4.088667953112906,4.695820613670432,5.457667545873104,7.747679273845834,10.089106728594082,12.431428370174626,14.773750013153546,275
155,155,498,-3.9500833333333336,55.53543333333333,22.01340093164822,5.87537670918982,17.447821578834734,20.131255152453605,23.12067499929365,26.871758519687926,38.147022475233975,49.67544054513621,61.20826129666515,72.74108205507925,275
156,156,501,-4.2977,55.798,10.215422666673575,2.7264963099824766,8.096744005795902,9.342004028887056,10.729258427170857,12.46996645033374,17.70230593944096,23.052122790905123,28.40398272757103,33.75584266743203,275
157,157,504,-2.99,56.4572,4.801098482777949,1.2814131851696615,3.8053506575393,4.390604562601045,5.042593736632566,5.86070091845592,8.319823560976193,10.83415883684278,13.349454332720068,15.864749830098996,275
158,158,507,-3.31586,57.42781,2.9712752922682863,0.7930333755783355,2.3550327967072318,2.717231254841613,3.120730439575138,3.6270357495992056,5.148922954077099,6.70497982490769,8.261630950991151,9.81828207800394,275
159,159,510,-4.798,54.8766,36.672784837820885,9.787966274102184,29.06684926314045,33.5372617349557,38.517425916468575,44.76646845556774,63.55026884676053,82.75580626965595,101.96867825191852,121.18155024565124,275
160,160,513,-3.2671,56.1084,13.393189333066331,3.574642233319632,10.615441865638038,12.248071645369825,14.066866756996273,16.34906622034943,23.20905779574568,30.22307105068816,37.23976294437359,44.256454842248026,275
161,161,516,-3.200938,56.206874,13.856879139404814,3.6984010426425984,10.982962406150564,12.672115973276082,14.553880160610085,16.915092366997897,24.01258586116608,31.26943346773011,38.529052451028704,45.78867143866132,275
162,162,519,-3.2348,55.935,6.88454586733923,1.8374852921595048,5.456691054581409,6.295917195825996,7.2308385247114355,8.403965141019382,11.930229533756334,15.53566620510677,19.14247978608114,22.7492933692088,275
163,163,522,-3.915,58.227,11.49668501123439,3.068465229776776,9.112272540118688,10.51371844301477,12.074968267708684,14.034003394480267,19.92260545637584,25.9434193978028,31.966532676984247,37.989645959761525,275
164,164,525,-4.3142,55.8535,1.858960289417137,0.4961565012904364,1.4734119254266758,1.7000191847109276,1.9524659920409853,2.2692328254962777,3.221392285596891,4.194929789333376,5.168839085249378,6.14274838174681,275
165,165,528,0.716257,51.445622,26.47046643532151,7.064967492228119,20.980491697129267,24.207241555656225,27.801930897960347,32.312498380512885,45.8706712867075,59.73325456128799,73.60113193088755,87.46900930876629,400
166,166,531,-0.7287,52.24304,13.070576032838918,3.4885367434811254,10.359738563871776,11.953041782305093,13.728026007755938,15.955252164726293,22.650001207770156,29.495061877354253,36.34273666300015,43.19041145273415,400
167,167,534,-3.775519444444445,56.56349444444445,3.086690509950514,0.8238376971805162,2.4465108982443167,2.822778471414429,3.2419510427108897,3.767923105836615,5.348925984802725,6.965425805143975,8.582542963789184,10.199660123399816,275
168,168,537,-0.1518,53.56602,32.22039437083189,8.599623258355036,25.53788457892198,29.465550652800964,33.84108020883156,39.33143541202381,55.83472140635738,72.70854194128655,89.58880655719813,106.4690711831873,400
169,169,540,-3.6893,56.0018,13.31667401166025,3.5542202940344967,10.554795821890153,12.17809838394236,13.986502714920745,16.2556639675006,23.076464395278368,30.050406576393534,37.02701209318237,44.003617614136274,275
170,170,543,-3.050583333333333,55.031952777777775,10.511679374541794,2.805567225319676,8.331557072457775,9.61293078823875,11.04041684745539,12.83160701366111,18.215689188516304,23.720655677917943,29.227724503882285,34.73479333313438,275
171,171,546,-1.1317194444444445,54.57559444444445,33.62840503120716,8.975421303643282,26.653873828361665,30.75317640174365,35.31991380547382,41.050194025299,58.27466307977162,75.88585879766711,93.50378019876922,111.12170161038932,275
172,172,549,-4.8299,57.6145,48.19541102951291,12.863355204943732,38.19968278289035,44.074703387499525,50.61964020601283,58.8321382490355,83.51782777475233,108.75776453528272,134.00734038117255,159.25691624213647,275
173,173,554,-0.04317,51.559444,18.004791678796565,4.805478899506671,14.270597884949783,16.46538199063676,18.91043270088088,21.97844920429033,31.200503500825164,40.62961290464514,50.06232326797897,59.49503363694416,275
174,174,557,-4.693,55.2146,3.095505524109718e-09,8.26190424459821e-10,2.453497678467066e-09,2.830839801863205e-09,3.251209452082615e-09,3.7786835936217264e-09,5.364201522839522e-09,6.9853177660967475e-09,8.607053110661338e-09,1.0228788456194112e-08,275
175,175,560,-4.2946,55.8287,3.232410727016548,0.8627304231189683,2.562008742293572,2.95603960992437,3.395000986700532,3.945803774825175,5.601444548961624,7.2942580469935825,8.987718027382446,10.681178008782314,275
176,176,564,-1.71398,52.53002,16.677909036468826,4.451333922237276,13.218910702616084,15.251947814200236,17.516807861596828,20.35872356265469,28.901148569888363,37.63536953380087,46.37292608061193,55.11048263263936,400
177,177,567,-3.658166666666667,55.17809166666667,58.15713054563111,15.522138144036838,46.09534167155133,53.18469588519837,61.082434214146346,70.99240926345834,100.78049152458688,131.23738079661257,161.70590149855272,192.17442221868268,275
178,178,571,-2.96329,54.94098,14.886616378253803,3.9732379117163217,11.799132141681469,13.613810678225065,15.635413182609833,18.172092614574293,25.797017522404012,33.593138521046725,41.392236843939145,49.19133517148767,275
179,179,574,-1.29181,54.70032,13.55017151827868,3.616540778556608,10.73986594564027,12.391631853749804,14.23174514613039,16.540694373855438,23.481092224505723,30.57731704985816,37.67625191040087,44.77518677518166,275
180,180,577,-2.80145,55.433163888888885,5.28397121953909,1.4102919186229,4.188075588705182,4.832191680379228,5.549754972069979,6.450143668273437,9.156593726526705,11.923809454678928,14.6920819774208,17.460354501815342,275
181,181,581,-1.40144,54.80584,34.10649703908367,9.103024060557097,27.0328095538135,31.190391542956743,35.822053841363534,41.63380093936652,59.10314872023779,76.9647212227016,94.83311502680488,112.70150884157567,275
182,182,584,-4.701,56.0199,8.834562353644763,2.3579446924016585,7.002274121663525,8.07920727259327,9.278940840347545,10.784350266067356,15.309413102944356,19.936073408349998,24.56450062680442,29.19292784802204,275
183,183,587,-2.89003,54.03179,22.17590631879677,5.918749397023702,17.5766233486917,20.27986632900436,23.29135440742156,27.07012884579806,38.42862806062946,50.04215020179614,61.66010752567759,73.278064856495,275
184,184,590,-0.79259,53.22812,29.071609002931204,7.759212443586117,23.0421572962652,26.5859864337898,30.533910936813392,35.48771311308058,50.3781912422106,65.60299287968438,80.83360884086095,96.06422481113027,400
185,185,594,-3.13222,51.20592,22.74195300052757,6.069827256391355,18.02527194864209,20.797516019459035,23.885873237263564,27.7611020302492,39.40953035542084,51.31949114386132,63.234000324389946,75.1485095120316,400
186,186,597,-4.890380555555555,55.71974166666667,29.921313740113806,7.985998637960723,23.715633270971967,27.363041415961096,31.42635582230652,36.52494768585298,51.85064458130447,67.5204365897179,83.19621286283716,98.87198914531491,400
187,187,600,-0.22901,53.63371,14.537328189663477,3.880012894173108,11.522286323398262,13.29438662975189,15.268555798120978,17.7457165227236,25.19173602038345,32.8049347946297,40.421041035465095,48.037147280847336,400
188,188,603,-4.8635,55.7432,19.899114932471683,5.311073775958419,15.772038495847996,18.197740606162352,20.90004041428328,24.29084960026022,34.48317626718597,44.904342759127545,55.32948907535765,65.75463539781161,275
189,189,606,-4.8854,55.7214,15.021265228044868,4.009175689728816,11.905854820028374,13.736947051361811,15.77683486955018,18.33645846552908,26.03035051421173,33.89698711550224,41.76662797082123,49.63626883083843,275
190,190,609,0.154817,51.432936,13.473455392922164,3.5960652446970967,10.679060744681266,12.321474957109665,14.15117019966571,16.447046999624288,23.348150850872692,30.40419944136896,37.4629427238254,44.52168601049595,275
191,191,612,-2.67142,54.29744,19.30252330647582,5.15184347096568,15.299179973072556,17.652157564176633,20.27344022947859,23.56259020234135,33.44934263847657,43.558074095829966,53.67066605910765,63.78325802842261,275
192,192,615,-3.030982,51.54787,6.274477111876197,1.6746579413116522,4.973150558990037,5.738009318942268,6.590083310826898,7.659254211158455,10.873041387392806,14.15898505145188,17.446183611343876,20.733382173198347,400
193,193,618,-4.899538,50.395883,75.10239530078994,20.044829307598945,59.52615851680609,68.68114050414621,78.8800457870928,91.67749395194735,130.14494081940262,169.47606524524303,208.8222101550577,248.16835508836215,400
194,194,621,-3.38952,56.04215,11.25164325067876,3.0030635838785456,8.918052440697727,10.289627752981511,11.817600906588382,13.734880917343014,19.497972589500296,25.390458160902025,31.285194061690103,37.179929965997374,275
195,195,624,-4.200711111111112,57.44839722222222,7.513669372085478,2.0053983555915083,5.955334344455013,6.871250640929624,7.891606941768813,9.17193620333243,13.02043765515342,16.95534630599657,20.89175769120577,24.828169078765026,275
196,196,627,-4.724680555555556,56.32387777777778,0.0,0.0,0.0,0.0,0.0,0.0,0.0,0.0,0.0,0.0,275
197,197,630,-2.48042,51.57009,12.319758353894429,3.2881435049526653,9.764640471526375,11.266419014894623,12.939442199533817,15.038729023956044,21.34890925190061,27.80076670295334,34.255088106482944,40.709409513865815,275
198,198,633,-2.5097,52.63305833333333,17.930441500304255,4.785634836865274,14.211667933475397,16.397388752403984,18.83234270840776,21.887689941396577,31.071662076513203,40.46183429185001,49.8555925966601,59.24935090707831,400
199,199,638,-0.497217,51.542852,15.02786807242556,4.010937988894184,11.911088234484634,13.742985352548097,15.783769837003454,18.344518557665317,26.041792583239264,33.911887094132545,41.78498717962361,49.65808726981496,275
200,200,641,-4.5041,55.8443,12.24097007011555,3.267114912010175,9.70219287780177,11.194367129377188,12.856690865078056,14.942552165938489,21.2123770349374,27.622973061767976,34.03601728341352,40.44906150888768,275
201,201,644,-1.457899,53.329656,4.737227048909056,1.264365899468508,3.7547261590536247,4.332194136326604,4.975509569637794,5.782733059125127,8.209140753222524,10.690026559166174,13.171859810829572,15.653693063974636,275
202,202,647,-3.1634,55.8905,3.3546758320728927,0.8953629796614665,2.6589160645635093,3.06785104850096,3.5234160265455623,4.095052788580923,5.8133177495181,7.570161483079163,9.327676152026145,11.08519082202237,275
203,203,650,-0.75792,53.59722,35.296622889941546,9.420668650179875,27.976103303225635,32.27876163359121,37.07204302256192,43.08658756563983,61.16551780723161,79.65035921789772,98.14225995545134,116.63416070404472,400
204,204,655,-2.358225,53.53814,15.201888491477488,4.057384038743356,12.049016818628436,13.902127025774728,15.966543483139889,18.55694528322117,26.343352567420524,34.3045815717871,42.26885095484665,50.2331203426609,400
205,205,659,-2.938605555555556,57.54029722222222,20.487875798372137,5.468214051081503,16.23869035817167,18.736162418040657,21.518415951759483,25.009549989329763,35.50343997172575,46.23294052919283,56.966538663160144,67.70013680353547,275
206,206,662,0.73969,51.3691,42.246927643062826,11.2757049889562,33.484914850679125,38.63481533046627,44.371948105012585,51.57082457854061,73.20970091416198,95.33441692466856,117.46758232346804,139.60074773548112,400
207,207,665,-2.84747,53.47003,6.7828067455839545,1.8103311205605583,5.376052626676281,6.202876768978665,7.123981925128248,8.279772195081511,11.75392580966301,15.306081702940972,18.859594158011863,22.413106615204217,275
208,208,668,-4.3099,55.9033,7.026102431256108,1.875266739072346,5.568888787144565,6.425370673530948,7.379515383798371,8.57676323860831,12.175532903372911,15.855102747259464,19.536077812092,23.217052879122093,275
209,209,671,-4.3245,56.4754,18.040474491691835,4.815002642269283,14.298880082451245,16.498013923030232,18.94791035926605,22.02200721399552,31.262338247292643,40.71013474022912,50.16153932924434,59.61294392390211,275
210,210,674,-4.4121,55.9047,9.339098777440064,2.4926054639248383,7.402169691173086,8.540605832164646,9.808855446277708,11.40023787864986,16.18372427175713,21.07461030235016,25.967364153309752,30.860118007190344,275
211,211,677,-4.768913888888889,55.04847777777778,54.08172825057155,14.43441327138678,42.865177812411154,49.45774048628101,56.80203918350024,66.0175656814302,93.71822688733364,122.04082797706673,150.37424541598858,178.70766287182562,275
212,212,680,-4.95435,56.714672,7.69821102387722,2.054652522459192,6.101602057668587,7.040013981497038,8.085431038652247,9.397206197694938,13.340229883549876,17.37178299745311,21.404875754064825,25.43796851308432,275
213,213,685,-4.456,55.5796,17.241374321161246,4.601722806735324,13.6655132872738,15.767236817063264,18.10861545012933,21.0465456357408,29.87757756175184,38.90688529530891,47.93964130485835,56.97239731980038,400
214,214,688,-4.487,55.5931,8.606272755298583,2.2970141985975365,6.821331786010087,7.870436434900904,9.039168275196426,10.505677153341027,14.913810057962165,19.420915100693183,23.929741398538397,28.43856769907539,275
215,215,691,-4.6781,55.664,8.433297976476892,2.2508472301258395,6.68423197631279,7.712250999664842,8.857492864993846,10.294526840814331,14.61406206373592,19.03058021478232,23.448785025975827,27.86698983980702,275
216,216,694,0.59879,51.41818,18.40475003681654,4.912227785271885,14.587604879523877,16.83114390905441,19.330508964323496,22.466678371969373,31.89359133945217,41.53215893540351,51.17440748256647,60.8166560354859,400
217,217,698,-2.380830555555556,57.21882222222222,15.594923186990044,4.162284998985172,12.360536118299017,14.261557254829198,16.379347823850715,19.036722736076644,27.02444239128817,35.191503665730345,43.36168392583031,51.53186419080792,275
218,218,701,-1.59684,53.80583,24.22518364776418,6.465701516174714,19.20088055966947,22.153930446388,25.443710386108968,29.57168168149432,41.97982074406977,54.666549422602685,67.35812313945026,80.04969686387474,275
219,219,704,-2.013277,52.431688,18.74947568536593,5.004235060878062,14.860834428570548,17.14639551466005,19.69257431300719,22.887484971191583,32.49096641583563,42.310066833963575,52.132917148455405,61.95576746881153,275
220,220,707,-1.486459,54.034771,24.0232462070794,6.4118044132510565,19.04082494417895,21.969258656877532,25.23161549215056,29.325176647628165,41.62988335309995,54.21085739392792,66.79663608556919,79.38241478472422,275
221,221,710,-4.2462,57.4236,9.93060135365756,2.650477501531607,7.870994633094098,9.08153493812794,10.430110602099996,12.122285073503711,17.208739086105407,22.409395015917227,27.61203706664956,32.81467912048789,275
222,222,714,-1.132965,54.565917,33.72547946724073,9.001330470622992,26.730815026363683,30.84195097349839,35.42187108564333,41.16869278937588,58.44288336997764,76.10491697003273,93.77369566818798,111.44247437689158,275
223,223,717,-4.395,58.0081,1.8951254380612763,0.5058089794644327,1.5020764222426948,1.7330922131467508,1.990450247663212,2.3133796224501624,3.2840628716836022,4.276540063768305,5.269396281064622,6.262252498953678,275
224,224,720,-0.470513,51.423919,13.619771304567546,3.635116961518792,10.795030736254123,12.455280858312433,14.304845801672064,16.625654832985923,23.60170169416817,30.7343759276064,37.86977411619672,45.00517230904689,275
225,225,723,-4.2421,50.44432,48.94907379945435,13.064507798259346,38.79703589435998,44.76392799062676,51.41121221330915,59.75213439238603,84.82384998881057,110.45847994202772,136.10289971320756,161.74731949969726,275
226,226,726,-3.05219,53.02752,32.09528770815702,8.566232290084084,25.43872503808354,29.35114060978217,33.709680681019684,39.17871770888281,55.61792407060366,72.42622624627863,89.2409474815953,106.05566872695044,400
227,227,729,-2.9972,56.2078,17.654069601054765,4.711871176948894,13.992615566125098,16.144646650534536,18.542069302616184,21.55032276395228,30.59273721229396,39.83817346396872,49.087140530718834,58.33610760299062,275
228,228,732,-3.5019,55.905,17.130880321342325,4.5722319581809785,13.577935743015264,15.666190054226544,17.992563602115585,20.911665610149672,29.686102509461715,38.65754453530359,47.63241273833063,56.60728094671571,275
229,229,735,-3.8263,55.6713,18.12108543679411,4.836517703519031,14.36277231754081,16.571732632327954,19.03257603490984,22.120408994690745,31.40202895406324,40.89204139895708,50.38567806212399,59.87931473095864,275
230,230,738,-2.92394,53.418938,12.501391435346704,3.3366213743966746,9.908602851888835,11.432522467886535,13.130211424989607,15.260448526504844,21.663661218755703,28.21063991458147,34.7601188895123,41.3095978683532,275
231,231,742,0.23863,51.46518,17.194718122591375,4.589270267335896,13.628533584286451,15.72456972347014,18.059612444769733,20.98959241414142,29.79672703524846,38.80160091761025,47.80991374472165,56.81822657721104,275
232,232,745,-1.04115,50.91702,28.38136478673412,7.574986262266405,22.495069730494524,25.954758098063103,29.808947436517027,34.64513199829276,49.1820670399382,64.04538778132691,78.91438479753,93.78338182260998,400
233,233,748,-2.865,56.6544,24.58519598026284,6.5617888077273205,19.48622633441462,22.483161724465564,25.821831338945124,30.01114873581509,42.603686115069465,55.47895325216461,68.35913743006445,81.23932161565384,275
234,234,751,-3.017,56.481063,3.498325433702131,0.9337030583397876,2.7727727388175216,3.1992186091939083,3.674291203141864,4.270405857305558,6.062248144186502,7.894321174133836,9.727093869396812,11.559866565753962,275
235,235,755,-2.12055,53.26858,20.836652000624564,5.561302419471119,16.515130376083448,19.05511825500781,21.884735596997626,25.43530109945772,36.10783425262135,47.019988907239686,57.93631089362152,68.85263288652047,400
236,236,758,-2.491,57.6594,18.150740121074023,4.844432538754058,14.38627662030162,16.598851841102555,19.06372234981009,22.156608467794506,31.453417556452948,40.95896015950688,50.468132911772656,59.97730566971546,275
237,237,761,-3.75412,51.56326,26.554319740038807,7.087347939259196,21.04695382644976,24.283925402821957,27.890002023907908,32.41485810959053,46.01598067845508,59.92247792872362,73.83428604467767,87.74609416893713,275
238,238,765,-4.7672,55.137372,7.548853795427216,2.01478907818227,5.98322151839633,6.90342679607638,7.928561141605892,9.214885828909566,13.081408742363566,17.034743475713977,20.98958798031741,24.944432487281897,275
239,239,768,-1.89484,50.84717,21.956302547135905,5.860137150362101,17.402565399269207,20.07903867981589,23.060704566038336,26.80205852170745,38.04807668471056,49.54659233063851,61.04949923851253,72.55240615325384,400
240,240,771,-4.685316666666667,55.34214722222222,18.045586598648185,4.816367063616056,14.30293193842494,16.50268894484192,18.95327960520249,22.0282475629577,31.271197017437483,40.72167072078746,50.17575354263792,59.62983637013251,275
241,241,775,-2.14943,51.39294,24.38422257612165,6.508149006157174,19.32693481428857,22.29937154637424,25.610748972568484,29.76582050135781,42.25541930302608,55.02543666835424,67.80033087979314,80.5752250988587,400
242,242,778,-2.917,56.4686,9.675159004294333,2.5822999384803778,7.668531026984043,8.847932909629916,10.161819502554708,11.810466597607885,16.76608303888481,21.832963810311924,26.90177961417296,31.970595421060104,275
243,243,781,-0.20891,51.61765,8.710994879910995,2.324964533659124,6.9043345419798365,7.96620481786115,9.149157922680567,10.633511450866934,15.095283027706726,19.657231047106773,24.22092126605278,28.78461148772333,275
244,244,784,-4.832,57.134,20.109688471963565,5.3672758536539,15.938939083253189,18.390310108032093,21.121205802819095,24.54789671994116,34.84807915377892,45.37952300837151,55.9149888019743,66.45045460186682,275
245,245,787,-2.00284,51.60704,7.397081199912613,1.974280972435748,5.862926559188626,6.764630757475096,7.769154384531502,9.029617021548171,12.818402011590928,16.692253436656564,20.567584278446187,24.4429151225494,400
246,246,790,-3.481558333333333,55.33251944444445,44.08992427032869,11.767600788818076,34.945673977484404,40.32023574613952,46.30764746269552,53.82057056164707,76.40342976961637,99.49332311398936,122.5920344461013,145.69074579200327,275
247,247,793,-1.26726,53.75722,18.92056019977455,5.049897517777865,14.996436014694009,17.30285230309032,19.87226437849665,23.096327837949037,32.78743877086039,42.69613614919966,52.608617640816895,62.52109913835192,275
248,248,797,-3.293,56.1059,14.56470427003946,3.8873195700261207,11.543984604704775,13.3194220552563,15.297308895340848,17.779134504041583,25.239176030067963,32.866711657609606,40.49716022695825,48.12760880086231,275
249,249,800,-3.424525,58.4460195,20.071907627555586,5.357192146280496,15.90899398597472,18.355759525820204,21.08152458193605,24.50177764316817,34.782608728502986,45.294266754875686,55.80993916408724,66.3256115795767,275
250,250,803,-3.8445,57.574,6.166669583739245,1.64588411204929,4.887702312186679,5.639419334458767,6.47685306402082,7.527653561549802,10.68622172188046,13.915706583444424,17.146424779328633,20.377142977141595,275
251,251,806,-5.203,56.3348,2.605389238221869,0.6953783877444892,2.065031510263221,2.382628458408497,2.736440316997163,3.180398643384439,4.5148790110070856,5.879321355300358,7.2442847776117505,8.609248200738033,275
252,252,809,-3.936,55.8213,3.93253245623486,1.0495929126642844,3.1169252248850565,3.5963009313091883,4.1303388389234446,4.800442369759091,6.814685493548868,8.874152741236003,10.934406495671698,12.994660251337374,275
253,253,812,-1.850622,52.507106,7.186894651826671,1.9181821827465224,5.696332701171791,6.5724151592460975,7.548395453069356,8.773042302276508,12.454169742405345,16.217946472219296,19.983160581433864,23.748374692896284,275
254,254,815,-4.2168777777777775,55.37797222222223,28.03331898582079,7.482092837994212,22.21920862868413,25.63647021312057,29.44339493180537,34.22027248907952,48.57893847152314,63.25998762694195,77.9466434479922,92.63329927781044,275
255,255,819,-1.48769,53.40657,5.516723761952045,1.472413572198552,4.372555253826029,5.045043880420752,5.79421496737459,6.734264696822571,9.559930607282368,12.449038841917382,15.339250421665758,18.2294620031396,275
256,256,823,-4.4742,55.8078,24.677684035293264,6.586473869617181,19.55953236683346,22.567742050792827,25.91897154314687,30.12404890460092,42.76395866563497,55.687661797157936,68.61630046710268,81.54493914476586,275
257,257,826,-4.491,54.9484,4.755316464148329,1.269193964396308,3.7690638295726098,4.348736906563298,4.994508882464246,5.8048148083097,8.240487900891303,10.730847133597402,13.22215742990748,15.713467727704884,275
258,258,830,-0.059781,51.484971,4.9863065947847005,1.3308452302687472,3.952146607119304,4.5599773810351,5.237117816679849,6.086784460802964,8.640770698279264,11.252099462420595,13.86442548820715,16.476751515553275,275
259,259,833,0.3297333333333333,51.427905555555554,15.597307768155156,4.162921443698198,12.362426137330528,14.263737954304744,16.38185234944852,19.03963359430516,27.02857463198928,35.196884711587835,43.36831425376058,51.539743800811706,400
260,260,836,-0.410641,51.499547,13.564257502570053,3.620300327764317,10.751030496789877,12.40451348638456,14.24653965543212,16.557889134881467,23.505501826684743,30.60910348201185,37.715417989727,44.82173250168466,275
261,261,839,0.44934,50.88088,26.28707981701221,7.016021603796927,20.835139463453896,24.039534493208528,27.609319932743563,32.088638335522525,45.55288061583281,59.31942431838807,73.09122543862675,86.86302656708725,400
262,262,842,-1.471621,53.348845,4.352871196116413,1.161781322348847,3.450085710123011,3.980700708939677,4.571820617436001,5.313549869578807,7.543090495904521,9.822689141705778,12.103158362031074,14.38362758371782,275
263,263,845,1.27176,52.57327,81.91230436143584,21.862394036050198,64.92369243840098,74.90880234024961,86.03249327373157,99.990349943028,141.94583223083745,184.84330603235625,227.75716230010696,270.67101859347747,400
264,264,849,-1.36474722222222,54.59265,16.15707339560236,4.312322889677407,12.806096373655617,14.77564362061694,16.96977418797624,19.722939495791625,27.99859248781239,36.460051826555855,44.92474258103563,53.38943334056886,400
265,265,852,-1.48607,50.94158,22.78045690949268,6.080103949695076,18.05579014688855,20.832727844208435,23.92631389285099,27.80810375192716,39.47625377926785,51.40637906483685,63.34106044327832,75.27574182884484,400
266,266,855,-2.02945,52.54205,7.847865696223307,2.094595354511985,6.220218350972885,7.176873179360672,8.24261334102267,9.579889656244292,13.599566465263718,17.70949373108818,21.82099057056539,25.932487412497174,275
267,267,858,-1.45761,54.88123,15.30160083378868,4.0839972629086265,12.128048821146145,13.993313962820402,16.07127135627288,18.678664139491428,26.51614408541512,34.52959244345912,42.54610112267108,50.56260980666893,275
268,268,862,-2.02352,52.4989,11.711251411429467,3.125733001994036,9.282337868917306,10.709939415997663,12.300327357841208,14.295924599222031,20.2944275712815,26.42760993651009,32.56313455278726,38.69865917272736,275
269,269,865,-4.664078,57.515278,23.7789962625584,6.346614103052489,18.847232438147053,21.74589208260796,24.97507977541145,29.02702074032447,41.206622624230846,53.659682969090994,66.11749911475955,78.57531526786549,275
270,270,868,-1.02412,53.95723,17.94406848455789,4.789271878962898,14.222468681195078,16.40985062950422,18.84665512996984,21.90432440107649,31.095276277526807,40.49258494451848,49.893482426381176,59.294379913856254,400
271,271,871,-2.327573,53.795169,23.19299289357588,6.1902098038568685,18.382766167880582,21.209992001661167,24.359600436948256,28.31168642774296,40.19113738610026,52.33730776657107,64.48811674713816,76.63892573495934,400
272,272,874,-4.4107,55.8391,8.025402651634113,2.1419799679154274,6.3609341418348,7.339230725087575,8.429080405296958,9.796609017733822,13.907220255301402,18.11012362469062,22.31463207513528,26.51914052809005,275
273,273,877,-4.3161,55.8695,12.09563865953624,3.228325958523039,9.5870032017739,11.061461554399363,12.704049284541432,14.765146113028312,20.96053223353936,27.29501820063636,33.6319232962567,39.96882839566021,275
274,274,880,-1.79948055555556,57.473797222222224,12.20136463785252,3.256544222138213,9.670801612189353,11.158147961571816,12.815093279570783,14.894205814770643,21.143744781367392,27.53359944331822,33.925894378994975,40.31818931848797,275
275,275,883,-1.80598,57.50854,9.491231139672164,2.5332095914082684,7.522749801481084,8.679730877429089,9.968640066335496,11.58594585324334,16.44735444227453,21.41791219098232,26.390368186539074,31.362824185064408,275
276,276,886,0.11938,51.93501,13.746237087041344,3.668870678864109,10.895267515445214,12.57093381638737,14.437672813008794,16.78003161366562,23.820854248621497,31.01975861235273,38.22141222440082,45.423065840748336,400
277,277,889,-4.98996,51.68226,71.76628157787273,19.15442055487158,56.88195477995973,65.63026450446853,75.37612554379412,87.60509993001484,124.36378934884108,161.94779101768694,199.54614594754415,237.1445008998478,275
278,278,893,-2.2094,52.55625,19.755106111295746,5.272637821583075,15.657897104181265,18.06604453919394,20.748787949397062,24.11505803223489,34.23362338096508,44.57937245324374,54.92907254803728,65.27877264900964,275
279,279,896,-4.158325,53.18855,36.96151247406189,9.8650276802219,29.295694787630456,33.80130315830415,38.82067655282278,45.11891828115894,64.05060496761281,83.40734905363385,102.7714854445682,122.13562184706298,400
280,280,900,-2.1384,57.1741,9.59422909059117,2.560699744511045,7.604385977381408,8.773922503546679,10.076818814189394,11.711675451941518,16.62583959142573,21.650337367039157,26.67675398909846,31.70317061415856,275
281,281,904,-2.757246,53.745285,16.17758391542222,4.317797147417824,12.822353011665218,14.794400490992633,16.991316386943765,19.747976687337985,28.03413516760895,36.506335865583935,44.981772081400536,53.45720830227701,400
282,282,907,-1.443463,53.400836,3.6106344655952594,0.9636783389547824,2.8617888774981086,3.301925218862528,3.792249379343215,4.407501492549872,6.256868465558088,8.147757735518047,10.039369132607376,11.930980530826004,275
283,283,910,-3.1225,55.9523,25.47848460208771,6.800207540914005,20.194246896089663,23.30007416914313,26.760052378479585,31.10158615657512,44.15166596786147,57.494748356287374,70.84292644330081,84.19110453828316,275
284,284,913,-1.13288,53.97442,17.81109068271659,4.7537801036482366,14.117070475453186,16.288242429717563,18.706988544691185,21.741998398354166,30.864839044711303,40.19250723686662,49.52373764832389,58.85496806535194,275
285,285,916,-5.35,56.026,7.593632696702814,2.026740566933811,6.018713275548204,6.944377101293853,7.975592421617247,9.26954743370162,13.15900610038564,17.135791544338144,21.11409571532685,25.092399888690636,275
286,286,919,-4.2538,55.8731,17.24808240985424,4.603513195607646,13.670830118371994,15.77337136417315,18.115660955683826,21.05473419960908,29.889202008648173,38.92202276825437,47.95829314547112,56.99456352808256,275
287,287,922,-3.687646,51.536079,21.760459478090706,5.807866635229196,17.24734018274033,19.899940193169957,22.85501059061319,26.562992887302403,37.70870023035519,49.10465286100639,60.50495758497704,71.90526231575373,275
288,288,925,-2.738653,53.421282,3.5870378280646813,0.9573803963973,2.8430861825909326,3.28034609384032,3.767465830944008,4.378697077113696,6.215977852380512,8.094509563263566,9.973758681946938,11.853007801752232,275
289,289,928,-3.226676,51.808369,20.074604142587912,5.357911846142689,15.911131243789391,18.35822548881732,21.0843567316746,24.505069279068437,34.787281519402605,45.30035171069797,55.817436824135385,66.33452194385154,400
290,290,932,-1.25579,52.86335,21.080832702279054,5.626474248748614,16.708668000219348,19.27842150667596,22.141198587954023,25.73337248199425,36.53097499052707,47.57100707862403,58.6152553346408,69.65950359725103,400
291,291,935,0.59611,51.58756,23.1262125025078,6.172386117479181,18.32983602991878,21.14892133402801,24.28946099220708,28.2301676043588,40.07541364641602,52.18661113607842,64.30243386975451,76.4182566106638,400
292,292,938,0.042985,51.5886,8.749860745893912,2.3353378332909056,6.935139627358621,8.001747652303342,9.18997874172381,10.68095501347656,15.1626336868699,19.74493576028873,24.328987806429257,28.913039855306483,275
293,293,941,-3.148,56.1453,15.11687416663669,4.034693715441288,11.981634464758034,13.824381425706036,15.877252937756571,18.453168296878644,26.196031243900887,34.11273824634061,42.03246862460279,49.95219900759309,275
294,294,944,-2.0916,57.1084,8.031489837402846,2.143604637797249,6.365758845275211,7.344797456473208,8.435473776510076,9.804039645402383,13.917768739520255,18.123859968097108,22.33155749516696,26.539255024748822,275
295,295,948,-2.216111,53.622162,29.22373528309365,7.799814947765156,23.16273258592479,26.725105917001542,30.693689168873423,35.67341366329163,50.6418108731095,65.94628104351816,81.25659596289559,96.56691089141336,275
296,296,951,-2.723429,53.315031,7.70572707173309,2.0566585556321053,6.10755927719929,7.04688740726139,8.093325143715536,9.406381037313428,13.35325444287958,17.388743711045613,21.4257741251302,25.4628045416249,275
297,297,954,-1.914824,52.756607,5.531085778828755,1.4762467945032938,4.383938588402777,5.058177944854804,5.809299393700711,6.751796410825553,9.584818546328528,12.48144816920318,15.379184009595509,18.2769198517178,400
298,298,957,0.010013,51.758668,14.081711091637825,3.758408690699032,11.161164211494638,12.877724793597883,14.790021160048418,17.1895447311135,24.40219715119864,31.776789251167504,39.154197694276085,46.53160614178902,400
299,299,960,-4.7938,55.646,14.951322450499791,3.990507962400343,11.850418174544844,13.672984381295374,15.703373970292096,18.251079316972096,25.909146675001384,33.73915424368519,41.572152077837394,49.40514991666593,275
300,300,963,-0.23807,53.742347,40.39060974583189,10.780253742140324,32.01359728529928,36.93721261340967,42.42225741748486,49.30481732118632,69.99288762998466,91.14544995754292,112.30609040969314,133.46673087447638,275
301,301,966,-1.238354,54.606092,15.819684056208184,4.222273674984934,12.538681583245502,14.467101069733896,16.615414164798526,19.311088329155982,27.413930501564256,35.69869904323637,43.98663152275483,52.27456400722123,400
302,302,969,-4.25,55.8,13.359872274892645,3.5657499104922685,10.589034765328952,12.21760319566929,14.031873850795265,16.30839608743314,23.15132266563532,30.14788777720921,37.14712486411224,44.14636195519386,275
303,303,972,-2.670016,51.53703,6.719987215951757,1.7935645881002042,5.32626186748863,6.145428309128703,7.058002573153315,8.203088395252566,11.645065846761144,15.164323152365023,18.6849244558518,22.20552576144038,275
304,304,975,0.9755,51.1052,37.69062832419578,10.059628700640284,29.873592010460168,34.46807960326687,39.58646693024435,46.008949999497695,65.31408982433568,85.05267188113802,104.79879206607136,124.54491226279325,400
305,305,978,-1.47706,53.37526,3.0927985084332046,0.8254679219756941,2.451352097841811,2.828364236026977,3.248366273517477,3.775379139585108,5.359510535373596,6.979209114520786,8.599526253572028,10.219843393590608,275
306,306,981,-4.413444,57.943086,11.60827681021057,3.0982490809262195,9.20072019998929,10.615769143180826,12.192173134177336,14.170223503502784,20.115982884825623,26.19523745138653,32.27681367406903,38.35838990038226,275
307,307,984,-2.692423,52.708557,14.308480764840253,3.818933516482249,11.34090185447911,13.085105659746256,15.028197347821,17.466362471216684,24.79516631789917,32.28851769574473,39.78473077067949,47.28094385008952,400
308,308,987,-3.1849,55.9653,19.195301173077382,5.123225883559042,15.214195710138954,17.554102923181517,20.160824822766397,23.43170414409007,33.26353740350662,43.31611662958952,53.372534917163016,63.42895321074025,275
309,309,990,-3.3,55.9257,6.149807118530601,1.641383520084695,4.874337122261993,5.623998610025108,6.459142416811582,7.507069550267753,10.6570007559198,13.87765474445247,17.099538694811237,20.32142264709348,275
310,310,993,1.618617,52.215035,92.32362184003722,24.641174671340945,73.1757026721345,84.42995217464873,96.96750002187716,112.69944519030358,159.98760428987504,208.33748505588235,256.7058305522985,305.07417607759095,400
311,311,998,-0.171495,51.527105,21.399680010688083,5.711574595370703,16.961386376870287,19.570007370222697,22.47608391598737,26.12258939140428,37.083505491280384,48.29051791482009,59.50181027576215,70.71310264339742,400
312,312,1001,-1.494575,53.777704,13.511953299118971,3.606340335861957,10.709574185133574,12.356681292327451,14.191604550545588,16.494041393722974,23.41486387252251,30.491073816497536,37.5699861520165,44.64889849176161,275
313,313,1004,-2.275361,53.421151,5.335313397642677,1.4239951459599902,4.228769399071042,4.879144102256033,5.603679661734004,6.512817065090141,9.24556458696423,12.039668213793965,14.834838903652324,17.630009595179416,275
314,314,1008,-3.0339,55.9078,40.63845240510809,10.846402947907142,32.21003737704621,37.16386472532295,42.68256656253148,49.60735885539208,70.42237417425318,91.70473170249686,112.99521692388062,134.2857021579749,400
315,315,1011,-4.8113,55.9355,18.12615983549818,4.83787206053327,14.366794285953748,16.57637316994293,19.037905675868902,22.12660331318936,31.41082237957769,40.90349228707333,50.39978742772208,59.89608257404017,275
316,316,1014,-1.55633,54.70558,15.252007879514602,4.070760903411674,12.088741445587589,13.94796120613572,16.019183876397054,18.6181260202036,26.430204454951816,34.41768098283797,42.408207913298,50.398734848528406,275
317,317,1017,-1.449522,54.973534,24.36030389098267,6.501765109093,19.307976864446967,22.277497908814137,25.58562717756616,29.736622962406017,42.213970613547886,54.97146176346659,67.73382497575743,80.49618819566746,275
318,318,1020,-2.988174,53.879073,23.357323825103062,6.234069729485452,18.51301486421209,21.360272638546217,24.532197214337103,28.51228519587629,40.47590645734954,52.708136946676056,64.9450389022959,77.18194086522125,400
319,319,1024,-2.044787,53.491812,13.445765783301995,3.5886748878888035,10.657113960095804,12.29615280911144,14.122087802680662,16.413246293157897,23.300167526360926,30.341715068296597,37.385951764268704,44.43018846444626,275
320,320,1027,-0.86891,53.07769,16.946450048152908,4.523007518262259,13.431756308481894,15.497528569390958,17.798856486178178,20.686531575647034,29.366503289045237,38.24135918080107,47.11960436367537,55.99784955185002,400
321,321,1031,-1.743554,54.977571,28.01380980460098,7.476885837526172,22.203745651648944,25.618629066894645,29.42290443876951,34.19645763156235,48.54513101138664,63.21596320859887,77.892398169605,92.56883313937306,400
322,322,1035,-4.0802,55.7526,12.304061853597227,3.2839541090229623,9.752199425390524,11.252064565372503,12.922956165271108,15.01956830604152,21.32170878653504,27.76534598038069,34.21144398740214,40.657541998271945,400
323,323,1038,-3.9146,56.1157,8.631294797195405,2.303692581580404,6.841164256417975,7.893319092216073,9.06544892580155,10.536221559887233,14.957170754366054,19.47737984044071,23.99931518603957,28.521250534338048,275
324,324,1041,-4.5761,55.9469,9.987685133211446,2.6657131622959214,7.916239236769574,9.133738054531166,10.490065695767475,12.191967243211431,17.30765956769636,22.538210272865733,27.77075851571526,33.00330676168865,275
325,325,1044,-1.04854,52.96017,11.035084155201393,2.9452639612903937,8.74640770161833,10.09158446016292,11.590148888600796,13.470527229469935,19.12269733293989,24.901770906020463,30.683051496654127,36.46433209073924,275
326,326,1047,-4.047,58.0365,9.077813157378747,2.4228683319241475,7.195074708707615,8.301660132613096,9.534427159518003,11.081286522212226,15.730942420743604,20.48499317208681,25.240859486655467,29.9967258040634,275
327,327,1050,-2.07,57.5862,9.186622743499306,2.4519096104623586,7.281317186668798,8.401166499122628,9.648709867824302,11.21411038400158,15.91949855253578,20.7305328841402,25.54340454089441,30.356276200521933,275
328,328,1053,-3.9907472222222222,58.556916666666666,21.77398473264912,5.811476525671164,17.258060299503583,19.912309038463903,22.869216165476374,26.579503165543347,37.73213814397994,49.13517395044462,60.54256455528053,71.94995516692671,275
329,329,1055,-1.601998,53.487953,3.6415674406417873,0.9719343499954496,2.8863063535205637,3.330213424543226,3.824738283035684,4.445261375192576,6.3104722180173125,8.217561087011946,10.125378269732982,12.033195453592992,275
330,330,1058,-0.502818,51.936685,12.692793179712668,3.387706499972584,10.060307874476868,11.60755936311322,13.33124067710399,15.49409263587346,21.99534130157427,28.642557090941867,35.292311439775915,41.942065792579896,400
331,331,1062,-3.959595,51.68314,59.12429382848759,15.780274024254645,46.8619152895614,54.069166707390885,62.09824581016493,72.17302548294779,102.45648877748316,133.41988146082858,164.3950990068083,195.3703165712804,400
332,332,1065,-2.788,57.1515,6.247318775711683,1.667409381388686,4.951624861745537,5.713173020519252,6.561558910352343,7.6261020301994416,10.825978706652355,14.097699550059607,17.370669857630773,20.64364016715592,275
333,333,1068,-3.15327,51.01688,5.225563331497229,1.3947028533031132,4.141781496642114,4.778777666763721,5.488409167257534,6.378845159334302,9.05537869733689,11.79200621451629,14.529678844703907,17.26735147652593,400
334,334,1071,-5.214,56.430053,22.540816783505715,6.0161440000633535,17.865851383026815,20.61357694898833,23.67461986851835,27.515575050108467,39.06098140493653,50.86560715650441,62.67474107290388,74.48387499635345,275
335,335,1074,-2.977713888888889,56.520383333333335,6.102289086901121,1.628700957441636,4.836674330391581,5.580543370098953,6.409234228189447,7.449064289052411,10.57465675890739,13.770425554271384,16.967414807852045,20.164404063341323,275
336,336,1077,-3.2413,55.9615,10.522438021959994,2.808438708315854,8.340084376401641,9.62276957130292,11.051716654839108,12.84474009456569,18.234332848627684,23.74493364168321,29.25763892303163,34.77034420767116,275
337,337,1080,-1.386021,53.412016,1.1920823917211671,0.3181667903792379,0.9448445037004188,1.0901593472539883,1.2520441360671717,1.4551749757053456,2.0657595766558914,2.690053125308467,3.3145850905173866,3.939117056099155,275
338,338,1084,-1.087646,53.578981,16.235371013388328,4.333220523866378,12.868155065514234,14.84724679208385,17.05201017593963,19.81851739783158,28.134274429676477,36.63673823086155,45.14244910731162,53.648159988839645,400
339,339,1087,-3.5094,58.5722,24.34197204619459,6.496872339718617,19.293447044267594,22.260733436755057,25.566373240984586,29.71424527947119,42.18220335971397,54.9300941225155,67.682853281319,80.43561244773596,275
340,340,1090,-1.267979,53.40506,5.0945834767164975,1.3597443300589651,4.037966863740464,4.658996589563997,5.35084102577667,6.218958050589035,8.828403706982714,11.496437074201555,14.165489358449092,16.834541644290063,275
341,341,1094,0.390143,51.459088,20.808192210081653,5.553706501374527,16.492573146098604,19.02909177655572,21.85484427898939,25.40056023313885,36.05851628158853,46.95576654389696,57.85717844600892,68.75859035462908,275
342,342,1097,-1.394641,53.401268,2.8949944656651425,0.7726740229561099,2.294572613540158,2.6474724389114392,3.040612687391141,3.533919744556345,5.016735909653805,6.532844511585407,8.049532112599566,9.566219714519194,275
343,343,1100,-1.116915,54.606738,18.39124937889941,4.908624459673476,14.576904258058503,16.818797557388912,19.316329223312653,22.450198118848444,31.87019604934709,41.50169335074601,51.13686890322408,60.77204446145439,400
344,344,1102,-4.026,54.8545,56.19599979135104,14.998712345672011,44.54094943567239,51.39124181036815,59.02265858285619,68.59845695149264,97.3820480404254,126.8118931362566,156.2529774357231,185.69406175276603,275
345,345,1105,-2.419814,55.95103,72.49525742571359,19.348984208677955,57.45974103697198,66.29691291733427,76.14176887680732,88.49496074755447,125.62703159559037,163.59279791601665,201.5730632926716,239.5533286920009,400
346,346,1108,-0.048113,51.603722,12.98321333028372,3.465219638167028,10.290494885824897,11.873148590816534,13.636268961259104,15.848608513707536,22.49861038050915,29.297919202757164,36.099824668520746,42.9017301383451,275
347,347,1112,-3.94724,52.92703,93.74544596616808,25.02065953063969,74.30264047453234,85.7302103380252,98.46084190160302,114.43506590122814,162.45148331809764,211.54597337908876,260.659212535407,309.7724517210461,400
348,348,1115,-3.13041,51.482,6.425682662456953,1.7150147027653166,5.0929960783831625,5.876286794951539,6.748894500607248,7.84383082676904,11.13506548599956,14.5001954969115,17.866610644776372,21.233025794651013,275
349,349,1118,-4.011797222222223,56.707625,22.10215659551521,5.899065595878069,17.518169318017364,20.212422207061827,23.21389507305631,26.98010255858014,38.30082716515224,49.87572657622967,61.45504642007239,73.03436627082802,275
350,350,1122,-1.499451,55.023723,43.75255247973993,11.677556257901768,34.67827309625746,40.01170924363903,45.95330587102814,53.40874081683821,75.81879819369315,98.7320099313042,121.65397218227398,144.57593444692827,275
351,351,1126,-3.299965,51.574199,14.085052191178017,3.7593004301663897,11.163812366990255,12.880780229127458,14.793530316895602,17.19362321132258,24.40798694259196,31.78432877639032,39.16348762154853,46.54264647111214,275
352,352,1130,-2.977617,51.547216,6.504106009871674,1.735945894192204,5.155154423545532,5.948004946163944,6.83126254239972,7.939562206966829,11.270965304737311,14.67716562269746,18.084666762285156,21.492167903907145,275
353,353,1133,-2.253635,51.879253,18.56467109251829,4.954910715042553,14.71435830827606,16.97739171449701,19.49847404913273,22.661894004682114,32.1707185368834,41.89303678972026,51.61906797799035,61.34509917206692,400
354,354,1136,0.19887,52.726053,34.2354650350044,9.137445618671462,27.135029587382675,31.30833277522895,35.95750892748367,41.791232172001166,59.3266373603734,77.25575040231261,95.19171053949891,113.12767068739306,400
355,355,1139,-0.01104,51.714526,13.216219215958304,3.527408909059216,10.475175350814917,12.086232473270824,13.880995042991414,16.13303879837617,22.9023862798029,29.823720284399844,36.74769753370474,43.67167478714328,275
356,356,1142,0.300665,51.552813,16.458457093538186,4.392762198663776,13.04497309264517,15.05125901238557,17.286317485928965,20.090838575895088,28.520860297976075,37.14015427935588,45.76273995323131,54.385325632254464,275
357,357,1145,-2.819849,53.562699,6.17030872009882,1.6468553975437483,4.890586691665346,5.642747324659674,6.480675248939411,7.532095855304336,10.692527981278095,13.9239186585539,17.156543397977458,20.38916813933091,400
358,358,1148,-0.404187,51.642877,8.776761863872435,2.342517741680025,6.956461453468901,8.026348724695264,9.218232985937613,10.71379320819591,15.20925063421584,19.805640823122463,24.40378636497614,29.00193190957493,275
359,359,1151,-1.47081,54.94071,30.68874836780789,8.190826940110853,24.3239019568966,28.064860383003417,32.23239241180094,37.461755135963685,53.180532047662766,69.25222957066924,85.3300648453573,101.4079001296439,275
360,360,1154,-0.807366,53.360669,22.832113649207407,6.093891133526187,18.096733278787404,20.879967932678635,23.98056896657521,27.87116113410261,39.56576974352133,51.52294766368362,63.4846920080697,75.446436359597,400
361,361,1157,-2.454213888888889,55.94132777777777,39.98644010476633,10.672380864930142,31.693252427783182,36.56759947664675,41.99775804345932,48.811447440293065,69.29250205896783,90.23340074546334,111.1822967225962,132.13119271223565,275
362,362,1161,-3.2959,56.1628,16.128012630916544,4.304566571582059,12.783062811565095,14.749067551311152,16.93925166682569,19.687465020336447,27.94823308868731,36.394473304962176,44.843939124818505,53.29340494971921,275
363,363,1164,-4.2641,55.8626,16.393077819743496,4.3753124704863895,12.99315348023428,14.991469666498954,17.217649634660074,20.011030096366703,28.407564554414936,36.992619410102535,45.58095288242671,54.16928635987816,275
364,364,1167,0.001931,51.519771,20.75222835497492,5.538769748445184,16.448216194539963,18.97791283105944,21.796065441968796,25.332245155203896,35.96153651707208,46.82947850845604,57.70157094686884,68.57366339177233,400
365,365,1170,-2.167708,53.528941,4.581246015766389,1.222734561718954,3.6310955921818393,4.189549481514366,4.811682690522499,5.59232701195069,7.938841220884064,10.338039759756745,12.738154548132332,15.138269337940804,400
366,366,1173,-3.1994,55.9302,8.322117043650277,2.2211730391517244,6.596109968952343,7.610576036592573,8.740719531242096,10.158808276100636,14.421396625236737,18.779689321751743,23.139646442220023,27.49960356529121,275
367,367,1177,-2.908636,51.565226,8.794309965229747,2.347201329932716,6.970370078605033,8.042396463386893,9.23666375679382,10.735214175524712,15.239659739058547,19.845239868647585,24.4525788608051,29.059917855713216,400
368,368,1180,-4.840927777777777,56.08963888888889,8.164555922063732,2.179119975796461,6.47122702397991,7.466486390898376,8.575233085234139,9.966473414962586,14.148358957633825,18.424136894759663,22.70154774360413,26.97895859500224,275
369,369,1183,-1.413918,53.416024,1.4882005319363103,0.3972007220098282,1.1795477416404612,1.360959386486942,1.5630570187456765,1.8166463894985905,2.578902701845216,3.3582733205553392,4.137941579469225,4.917609838848577,275
370,370,1186,-2.060301,52.577165,2.231086192878266,0.5954769049332204,1.7683589165169036,2.040328323433928,2.343309828459454,2.7234869158922703,3.86624926371788,5.034669103130734,6.203535159928148,7.37240121742338,275
371,371,1190,-1.55444,52.85496,17.919777321919653,4.7827885676541655,14.20321550568756,16.387636361271046,18.821142121850038,21.87467217884132,31.05318212179015,40.43776950690597,49.8259408486587,59.21411219601622,400
372,372,1193,-1.131318,54.575945,0.0,0.0,0.0,0.0,0.0,0.0,0.0,0.0,0.0,0.0,275
373,373,1196,-0.18864,51.430956,9.614365364821785,2.566074116103683,7.620345988336968,8.792337126330997,10.097967943014526,11.736255801897048,16.660733741040673,21.695776883470497,26.73274289960237,31.769708918741337,275
374,374,1199,-2.0971,57.1538,7.603142902287782,2.029278840804669,6.026251064495027,6.953074184301506,7.985580990543477,9.28115654166024,13.175486335644168,17.157252274262383,21.140538841958545,25.123825412032748,275
375,375,1203,-0.257138,51.534577,5.634612336602705,1.5038780327756671,4.46599373809634,5.152852981941251,5.918033337334375,6.8781712799116175,9.764219718298678,12.715066199488945,15.667039603515214,18.619013009303824,275
376,376,1208,-3.9281,55.7638,12.72551010645029,3.396438647719647,10.086239310609717,11.637478992615462,13.36560326525768,15.53403018834568,22.05203646391906,28.716386107822117,35.38328085457911,42.05017560531629,400
377,377,1212,-4.3753,55.9284,9.74863460485288,2.6019105762712327,7.726767787988117,8.915126346342248,10.238990925823964,11.900158263217795,16.89340890709532,21.998768850541616,27.106078521546756,32.21338819560098,275
378,378,1215,-4.254,55.6998,22.07268995734527,5.8912009501497975,17.494814060603318,20.185474966454795,23.18294626298537,26.94413263336284,38.249764427866495,49.80923216053165,61.37311443263254,72.93699671163712,275
379,379,1218,-4.023,55.832,13.210314286257267,3.5258328833218657,10.470495103533764,12.0808324150591,13.874793095326204,16.125830650689462,22.892153627123765,29.810395220035737,36.731278876669336,43.65216253743474,275
380,380,1221,-0.257138,51.534577,0.0,0.0,0.0,0.0,0.0,0.0,0.0,0.0,0.0,0.0,400
381,381,1224,-1.376874,53.501857,7.519446116832288,2.006940168764572,5.959912992341442,6.876533474000702,7.897674256776592,9.1789878756455,13.030448176125374,16.96838210819295,20.907819929975904,24.84725775411072,275
382,382,1227,-2.1463,57.1542,6.706625784026184,1.7899984219189455,5.315671596544172,6.133209279632487,7.043969061201411,8.186778095299548,11.621911821376846,15.13417174508009,18.64777299437897,22.16137424577548,275
383,383,1230,0.288649,51.470263,4.7459265857518425,1.2666878058520583,3.76162141195538,4.340149862769514,4.984646693184082,5.793352583750074,8.224216180617697,10.709657934006705,13.196048873023395,15.682439813524477,275
384,384,1234,-0.48003,51.353405,21.90342080244943,5.846023012704,17.36065132842972,20.030678324299004,23.005162869592244,26.737505775962845,37.95643790934149,49.427259385572334,60.90246154739685,72.3776637160721,275
385,385,1237,-4.482293,53.415313,61.02050438027646,16.286372620572998,48.36485177294461,55.80325125704155,64.08983575277628,74.48772970372535,105.74243204274536,137.69887019223472,169.6675124465928,201.63615472003636,275
386,386,1240,-0.250454,51.926167,16.89840541281375,4.510184405089074,13.393676130511183,15.453591750372292,17.74839520567975,20.627883489283235,29.283246740464307,38.132941656688665,46.98601625510128,55.83909085879922,400
