id,long,lat,voltage
0,396188.72871214175,813875.1371638335,132.0
0,388623.483236793,813920.8427391296,132.0
1,320119.11975931516,717092.7878614786,132.0
1,335735.6999285819,731786.777728324,132.0
2,320119.11975931516,717092.7878614786,132.0
2,291590.2555526744,738588.412866426,132.0
3,204959.64652637453,705012.5152441239,132.0
3,211700.21204710417,711853.4721611091,132.0
4,204959.64652637453,705012.5152441239,132.0
4,191345.04428739453,686518.9632154851,132.0
5,247447.42174090978,843578.1924098252,132.0
5,249354.7223359387,844155.7306860477,132.0
6,264592.13044615334,870974.2448889274,132.0
6,262879.3226760011,870062.7515816526,132.0
7,291590.2555526744,738588.412866426,132.0
7,308280.24075811007,723705.2275155848,132.0
8,291590.2555526744,738588.412866426,132.0
8,290983.65576448326,742692.6445615004,132.0
9,200492.2509578475,707499.5741013113,132.0
9,211700.21204710417,711853.4721611091,132.0
10,200492.2509578475,707499.5741013113,132.0
10,191345.04428739453,686518.9632154851,132.0
11,362053.6710624992,741490.2024364459,132.0
11,380819.4509932898,798264.6215028057,132.0
12,217547.6625815248,713969.6173379108,132.0
12,211700.21204710417,711853.4721611091,132.0
13,217547.6625815248,713969.6173379108,132.0
13,232549.34575461916,709274.8767971073,132.0
14,122255.60219941929,861102.2037804463,132.0
14,128128.49434125988,846576.5255818638,132.0
15,342853.23179561,848607.1649010408,400.0
15,343491.76568520325,848362.1780092819,400.0
16,250766.34037007243,844658.673161183,132.0
16,237820.61792297856,840465.1786785182,132.0
17,250766.34037007243,844658.673161183,132.0
17,250754.3977632005,844892.4378979017,132.0
18,250766.34037007243,844658.673161183,132.0
18,249354.7223359387,844155.7306860477,132.0
19,250766.34037007243,844658.673161183,132.0
19,263209.70146045275,870926.4986296981,132.0
20,250766.34037007243,844658.673161183,132.0
20,265211.8076214694,839255.8983322732,132.0
21,250766.34037007243,844658.673161183,132.0
21,268032.2958589037,841926.2621064181,132.0
22,250766.34037007243,844658.673161183,275.0
22,232141.42250201723,829248.350740925,275.0
23,250766.34037007243,844658.673161183,275.0
23,262879.3226760011,870062.7515816526,275.0
24,250766.34037007243,844658.673161183,275.0
24,265211.8076214694,839255.8983322732,275.0
25,250766.34037007243,844658.673161183,400.0
25,235823.87085594737,808347.2567445562,400.0
26,222263.15919433822,806580.0265907926,132.0
26,222464.90332596892,810839.4255202645,132.0
27,222263.15919433822,806580.0265907926,132.0
27,228703.3610446051,808347.2263749037,132.0
28,304241.9381215859,847162.3575533264,275.0
28,343491.76568520325,848362.1780092819,275.0
29,304241.9381215859,847162.3575533264,275.0
29,265211.8076214694,839255.8983322732,275.0
30,239184.3685064974,817887.9682556313,132.0
30,236024.828221649,815516.4267290484,132.0
31,334842.6526831145,734605.9299463212,132.0
31,335735.6999285819,731786.777728324,132.0
32,334842.6526831145,734605.9299463212,132.0
32,321811.32936774305,739180.4150665868,132.0
33,334842.6526831145,734605.9299463212,132.0
33,339942.0580661334,736910.8294260537,132.0
34,343491.76568520325,848362.1780092819,132.0
34,334137.27459238045,832593.8685137756,132.0
35,343491.76568520325,848362.1780092819,132.0
35,343909.0864811148,850407.0200673454,132.0
36,343491.76568520325,848362.1780092819,275.0
36,343909.0864811148,850407.0200673454,275.0
37,343491.76568520325,848362.1780092819,275.0
37,377099.6844863732,814294.4622846113,275.0
38,343491.76568520325,848362.1780092819,275.0
38,349132.3030226833,840507.1605229736,275.0
39,343491.76568520325,848362.1780092819,275.0
39,315141.96933615435,852711.0112299522,275.0
40,343491.76568520325,848362.1780092819,275.0
40,369066.7213231216,835474.9465664253,275.0
41,295597.20009044185,819424.2953862017,132.0
41,275568.5907585517,825280.4537495917,132.0
42,295597.20009044185,819424.2953862017,132.0
42,321083.4394634403,838260.5377231519,132.0
43,284101.0300082731,680911.0245002556,275.0
43,282660.9636758025,692459.0709695615,275.0
44,284101.0300082731,680911.0245002556,400.0
44,276935.96613433235,759132.8397738017,400.0
45,282660.9636758025,692459.0709695615,275.0
45,276935.96613433235,759132.8397738017,275.0
46,361688.85854840203,761115.7191856627,132.0
46,366035.5900072969,758882.9108661617,132.0
47,361688.85854840203,761115.7191856627,132.0
47,382322.4187455957,781114.5972771302,132.0
48,361688.85854840203,761115.7191856627,132.0
48,380819.4509932898,798264.6215028057,132.0
49,162669.95514321755,824330.6928432958,132.0
49,135526.55234669993,851046.7856815611,132.0
50,162669.95514321755,824330.6928432958,132.0
50,210935.6493888442,801052.307998336,132.0
51,289354.1649399604,904951.2828789741,132.0
51,316183.1749040606,930246.5654198765,132.0
52,289354.1649399604,904951.2828789741,132.0
52,265442.12005160365,897842.7517644082,132.0
53,308280.24075811007,723705.2275155848,132.0
53,335735.6999285819,731786.777728324,132.0
54,179404.5434874949,638524.5823366109,132.0
54,182752.9927467075,650247.4807593331,132.0
55,349132.3030226833,840507.1605229736,275.0
55,377099.6844863732,814294.4622846113,275.0
56,239647.87680072692,923216.3076498543,132.0
56,258176.60816737244,909457.8705483282,132.0
57,335735.6999285819,731786.777728324,132.0
57,339084.797851185,729889.1669623607,132.0
58,335735.6999285819,731786.777728324,132.0
58,337460.163199833,732569.4717830811,132.0
59,219190.60614972742,713241.9692705936,132.0
59,211700.21204710417,711853.4721611091,132.0
60,219190.60614972742,713241.9692705936,132.0
60,232549.34575461916,709274.8767971073,132.0
61,394131.5838020865,805482.0761662617,132.0
61,394550.46434835374,801941.482214065,132.0
62,394131.5838020865,805482.0761662617,132.0
62,394224.52647684014,806995.9139857744,132.0
63,291264.90879529057,759775.0537042157,132.0
63,321811.32936774305,739180.4150665868,132.0
64,291264.90879529057,759775.0537042157,132.0
64,277205.9440119453,758943.9249577828,132.0
65,251940.30362953254,823829.6948555929,132.0
65,251940.30362953254,823829.6948555929,132.0
66,289735.82530521054,958740.3027057706,132.0
66,284267.81079296884,964923.5830619836,132.0
67,289735.82530521054,958740.3027057706,275.0
67,298125.1387309589,966650.7927083124,275.0
68,289735.82530521054,958740.3027057706,275.0
68,265442.12005160365,897842.7517644082,275.0
69,234771.56060392727,863871.1125579868,132.0
69,239285.18239464,857126.2104549757,132.0
70,234771.56060392727,863871.1125579868,132.0
70,233063.96535341052,863300.952233377,132.0
71,390836.96586078574,804475.1406101846,132.0
71,387142.1508842669,803806.0321774735,132.0
72,390836.96586078574,804475.1406101846,132.0
72,394550.46434835374,801941.482214065,132.0
73,390836.96586078574,804475.1406101846,132.0
73,391248.0813571155,807045.765421861,132.0
74,390836.96586078574,804475.1406101846,132.0
74,377099.6844863732,814294.4622846113,132.0
75,252997.36546539422,927385.0283649664,132.0
75,258176.60816737244,909457.8705483282,132.0
76,182752.9927467075,650247.4807593331,132.0
76,191345.04428739453,686518.9632154851,132.0
77,182752.9927467075,650247.4807593331,275.0
77,218872.4645430622,651326.0368966147,275.0
78,237820.61792297856,840465.1786785182,132.0
78,229549.87902558382,838517.6182008655,132.0
79,315141.96933615435,852711.0112299522,275.0
79,265211.8076214694,839255.8983322732,275.0
80,380819.4509932898,798264.6215028057,132.0
80,339942.0580661334,736910.8294260537,132.0
81,258176.60816737244,909457.8705483282,132.0
81,265442.12005160365,897842.7517644082,132.0
82,298125.1387309589,966650.7927083124,275.0
82,287628.50722080196,928070.6139786474,275.0
83,298125.1387309589,966650.7927083124,275.0
83,312170.0260352945,966087.7704116397,275.0
84,316183.1749040606,930246.5654198765,132.0
84,316947.94718238496,951739.4368911542,132.0
85,250754.3977632005,844892.4378979017,132.0
85,240524.93564281933,850364.0058912057,132.0
86,341556.8394852034,730355.2337612357,132.0
86,339084.797851185,729889.1669623607,132.0
87,341556.8394852034,730355.2337612357,132.0
87,343600.57845264266,731095.6024274137,132.0
88,128128.49434125988,846576.5255818638,132.0
88,135526.55234669993,851046.7856815611,132.0
89,259426.88098967553,822391.956100834,132.0
89,251940.30362953254,823829.6948555929,132.0
90,216641.4772386248,679637.0782446458,132.0
90,223265.96429851573,692068.7560575148,132.0
91,388623.483236793,813920.8427391296,132.0
91,377099.6844863732,814294.4622846113,132.0
92,321278.20470656996,864659.5254649235,132.0
92,289785.2628444013,855269.9552417847,132.0
93,321278.20470656996,864659.5254649235,132.0
93,343909.0864811148,850407.0200673454,132.0
94,277205.9440119453,758943.9249577828,132.0
94,276935.96613433235,759132.8397738017,132.0
95,277205.9440119453,758943.9249577828,132.0
95,275905.50775706384,759085.5677639237,132.0
96,277205.9440119453,758943.9249577828,132.0
96,277812.9607061016,754232.1082217679,132.0
97,277205.9440119453,758943.9249577828,132.0
97,256920.38042981012,733897.716502962,132.0
98,270054.4414227795,829352.6249048207,132.0
98,275568.5907585517,825280.4537495917,132.0
99,251940.30362953254,823829.6948555929,275.0
99,250890.92972647437,822487.8828642591,275.0
100,251940.30362953254,823829.6948555929,275.0
100,265211.8076214694,839255.8983322732,275.0
101,232141.42250201723,829248.350740925,275.0
101,235823.87085594737,808347.2567445562,275.0
102,235823.87085594737,808347.2567445562,132.0
102,245231.32503623902,803124.8895607645,132.0
103,235823.87085594737,808347.2567445562,132.0
103,229342.40540726943,797398.1289772122,132.0
104,235823.87085594737,808347.2567445562,132.0
104,229883.1639133016,802599.0069179981,132.0
105,235823.87085594737,808347.2567445562,132.0
105,231101.12885961166,805457.9334575672,132.0
106,235823.87085594737,808347.2567445562,275.0
106,276935.96613433235,759132.8397738017,275.0
107,235823.87085594737,808347.2567445562,400.0
107,246324.32840997545,796324.6625005245,400.0
108,203613.05990471644,724227.5065459016,132.0
108,211700.21204710417,711853.4721611091,132.0
109,203613.05990471644,724227.5065459016,132.0
109,201914.56706006575,731062.048054983,132.0
110,383496.8752768646,785556.3127789292,275.0
110,377099.6844863732,814294.4622846113,275.0
111,383496.8752768646,785556.3127789292,275.0
111,339942.0580661334,736910.8294260537,275.0
112,383496.8752768646,785556.3127789292,275.0
112,292365.7640723237,688313.6296130056,275.0
113,382322.4187455957,781114.5972771302,132.0
113,387142.1508842669,803806.0321774735,132.0
114,256613.00326132355,734085.4443090708,132.0
114,256920.38042981012,733897.716502962,132.0
115,340229.0716101888,737080.2358014358,275.0
115,339942.0580661334,736910.8294260537,275.0
116,387142.1508842669,803806.0321774735,132.0
116,377099.6844863732,814294.4622846113,132.0
117,387142.1508842669,803806.0321774735,132.0
117,352423.5260919806,807011.2839723029,132.0
118,398669.9270824161,866264.2283421219,132.0
118,403090.03410568525,853326.30717607,132.0
119,212233.13007824172,774127.6891612334,132.0
119,229883.1639133016,802599.0069179981,132.0
120,212233.13007824172,774127.6891612334,132.0
120,209523.1958750089,766485.9621361347,132.0
121,262879.3226760011,870062.7515816526,275.0
121,265442.12005160365,897842.7517644082,275.0
122,244999.32016405658,703634.6749158622,132.0
122,232549.34575461916,709274.8767971073,132.0
123,236024.828221649,815516.4267290484,132.0
123,229342.40540726943,797398.1289772122,132.0
124,321083.4394634403,838260.5377231519,132.0
124,343909.0864811148,850407.0200673454,132.0
125,273389.3957225099,829089.625297237,132.0
125,275568.5907585517,825280.4537495917,132.0
126,325620.34742852044,702249.46893013,275.0
126,339942.0580661334,736910.8294260537,275.0
127,287628.50722080196,928070.6139786474,275.0
127,279233.6439397954,907094.5309042676,275.0
128,290983.65576448326,742692.6445615004,132.0
128,277812.9607061016,754232.1082217679,132.0
129,231056.42543725646,861806.4473141832,132.0
129,233063.96535341052,863300.952233377,132.0
130,232209.17580707997,801259.6423178238,132.0
130,229883.1639133016,802599.0069179981,132.0
131,268032.2958589037,841926.2621064181,132.0
131,265211.8076214694,839255.8983322732,132.0
132,268032.2958589037,841926.2621064181,132.0
132,270024.77539479104,841857.5600259525,132.0
133,410712.67035642633,848039.7912961468,132.0
133,412125.356657418,842632.8568387381,132.0
134,410712.67035642633,848039.7912961468,132.0
134,411724.51917996607,846499.5406160746,132.0
135,410712.67035642633,848039.7912961468,132.0
135,407200.80804713065,852936.1822083751,132.0
136,211700.21204710417,711853.4721611091,132.0
136,204354.04316943616,723797.5295171948,132.0
137,211700.21204710417,711853.4721611091,132.0
137,232549.34575461916,709274.8767971073,132.0
138,231620.32369127875,718404.2836564481,132.0
138,232549.34575461916,709274.8767971073,132.0
139,231620.32369127875,718404.2836564481,132.0
139,256920.38042981012,733897.716502962,132.0
140,343909.0864811148,850407.0200673454,132.0
140,370800.78051164054,863384.2601929402,132.0
141,256920.38042981012,733897.716502962,132.0
141,254792.5402983377,734772.3735216308,132.0
142,256920.38042981012,733897.716502962,132.0
142,269284.55392164434,724441.7630737424,132.0
143,204354.04316943616,723797.5295171948,132.0
143,202098.75019998173,720434.4136373394,132.0
144,204354.04316943616,723797.5295171948,132.0
144,201914.56706006575,731062.048054983,132.0
145,219283.51915291965,762008.1100951566,132.0
145,209523.1958750089,766485.9621361347,132.0
146,292365.7640723237,688313.6296130056,275.0
146,339942.0580661334,736910.8294260537,275.0
147,377099.6844863732,814294.4622846113,275.0
147,391730.52113835816,809260.0627433814,275.0
148,377099.6844863732,814294.4622846113,275.0
148,369066.7213231216,835474.9465664253,275.0
149,377099.6844863732,814294.4622846113,275.0
149,339942.0580661334,736910.8294260537,275.0
150,377099.6844863732,814294.4622846113,275.0
150,412125.356657418,842632.8568387381,275.0
151,265211.8076214694,839255.8983322732,275.0
151,275568.5907585517,825280.4537495917,275.0
152,229342.40540726943,797398.1289772122,132.0
152,228703.3610446051,808347.2263749037,132.0
153,265442.12005160365,897842.7517644082,132.0
153,316947.94718238496,951739.4368911542,132.0
154,265442.12005160365,897842.7517644082,132.0
154,257230.45526866283,897413.0014607094,132.0
155,265442.12005160365,897842.7517644082,275.0
155,279233.6439397954,907094.5309042676,275.0
156,229883.1639133016,802599.0069179981,132.0
156,231101.12885961166,805457.9334575672,132.0
157,229883.1639133016,802599.0069179981,132.0
157,210935.6493888442,801052.307998336,132.0
158,239285.18239464,857126.2104549757,132.0
158,240524.93564281933,850364.0058912057,132.0
159,403090.03410568525,853326.30717607,132.0
159,407200.80804713065,852936.1822083751,132.0
160,403090.03410568525,853326.30717607,132.0
160,395913.7563680908,855130.9203365502,132.0
161,347064.93523487146,751734.6726046044,132.0
161,339942.0580661334,736910.8294260537,132.0
162,246324.32840997545,796324.6625005245,132.0
162,240476.9236620605,803533.7236701474,132.0
163,246324.32840997545,796324.6625005245,400.0
163,276935.96613433235,759132.8397738017,400.0
164,343600.57845264266,731095.6024274137,132.0
164,339942.0580661334,736910.8294260537,132.0
165,383237.5143076908,844744.9366008287,275.0
165,383109.6299910606,844465.6004046408,275.0
166,263209.70146045275,870926.4986296981,132.0
166,257230.45526866283,897413.0014607094,132.0
167,316947.94718238496,951739.4368911542,132.0
167,315449.17174797156,955485.7429932873,132.0
168,289785.2628444013,855269.9552417847,132.0
168,270024.77539479104,841857.5600259525,132.0
169,383109.6299910606,844465.6004046408,275.0
169,412125.356657418,842632.8568387381,275.0
170,383109.6299910606,844465.6004046408,275.0
170,369066.7213231216,835474.9465664253,275.0
171,412125.356657418,842632.8568387381,275.0
171,391730.52113835816,809260.0627433814,275.0
172,391730.52113835816,809260.0627433814,132.0
172,394224.52647684014,806995.9139857744,132.0
173,253045.1500781031,758296.6591453275,132.0
173,275905.50775706384,759085.5677639237,132.0
174,409148.5707773376,853789.1556896525,132.0
174,407200.80804713065,852936.1822083751,132.0
175,409104.43364984833,854813.6216309017,132.0
175,407200.80804713065,852936.1822083751,132.0
176,315449.17174797156,955485.7429932873,275.0
176,312170.0260352945,966087.7704116397,275.0
177,339942.0580661334,736910.8294260537,275.0
177,319133.67952597095,698192.4080073471,275.0
178,394224.52647684014,806995.9139857744,132.0
178,391248.0813571155,807045.765421861,132.0
179,215992.390036374,576998.6274036157,132.0
179,223708.18835879109,586053.6477747196,132.0
180,209936.46935973104,578968.7713074727,275.0
180,223708.18835879109,586053.6477747196,275.0
181,229886.2127044156,608611.7348682138,132.0
181,228768.45886559525,594459.6771521615,132.0
182,229886.2127044156,608611.7348682138,132.0
182,229804.18816555908,608629.7536946379,132.0
183,236487.59968336392,621156.2989562495,275.0
183,246463.0566774842,619709.1139885244,275.0
184,295436.2851374617,668742.111587061,132.0
184,284001.2472880739,680951.2041633186,132.0
185,295436.2851374617,668742.111587061,132.0
185,300846.0229683356,669288.519565372,132.0
186,289892.87916457676,681508.8977240298,132.0
186,284001.2472880739,680951.2041633186,132.0
187,395161.7169499858,653788.8033721175,132.0
187,379485.0281819135,641670.1333251962,132.0
188,266344.14734118816,610125.7104588712,132.0
188,251801.20839200018,608064.5642303638,132.0
189,266344.14734118816,610125.7104588712,132.0
189,272366.4359113751,606642.113126491,132.0
190,269269.16154572164,580752.9285920132,132.0
190,259632.22651864932,611569.7199070827,132.0
191,292317.0721233269,655621.5170488176,132.0
191,279119.3970942431,653955.9244445316,132.0
192,291588.8262930769,657504.1024212171,132.0
192,285234.8224089169,643489.9273743795,132.0
193,284101.0300082731,680911.0245002556,275.0
193,282372.0133388369,684493.7315295222,275.0
194,284101.0300082731,680911.0245002556,400.0
194,282372.0133388369,684493.7315295222,400.0
195,284001.2472880739,680951.2041633186,132.0
195,276456.29539820575,674766.8890896204,132.0
196,284001.2472880739,680951.2041633186,132.0
196,282372.0133388369,684493.7315295222,132.0
197,284001.2472880739,680951.2041633186,132.0
197,281050.926419406,693090.5866847006,132.0
198,284001.2472880739,680951.2041633186,275.0
198,282372.0133388369,684493.7315295222,275.0
199,251154.99809982657,667846.2449959144,132.0
199,244992.33426549606,670613.9322214713,132.0
200,251154.99809982657,667846.2449959144,132.0
200,255231.5698905483,664678.0386075808,132.0
201,251154.99809982657,667846.2449959144,132.0
201,249136.22451319726,663282.108247337,132.0
202,309265.18868765736,670533.7686377269,132.0
202,318271.88782156166,668450.1425562189,132.0
203,258313.61975769635,655643.0370888887,275.0
203,256059.23595644452,658468.4434557365,275.0
204,258313.61975769635,655643.0370888887,275.0
204,245036.1441654125,659940.0313582668,275.0
205,258313.61975769635,655643.0370888887,275.0
205,269539.9123970036,652985.7944030291,275.0
206,260560.25664423624,585425.0977098127,132.0
206,261180.62728776928,587334.5330774853,132.0
207,262603.4522970037,664823.1097863314,132.0
207,262102.57394265657,662432.113602037,132.0
208,275524.5178325777,634978.7990414256,132.0
208,282340.315002094,637431.5368256122,132.0
209,275524.5178325777,634978.7990414256,132.0
209,277025.8436532364,628583.9844075469,132.0
210,321469.96614060074,569789.324632318,132.0
210,298993.2684684344,575303.4419728033,132.0
211,321469.96614060074,569789.324632318,132.0
211,318534.3470786866,574814.4223396064,132.0
212,321469.96614060074,569789.324632318,132.0
212,332946.51138461777,571330.1378666265,132.0
213,321469.96614060074,569789.324632318,132.0
213,338399.9330799164,561216.2371918024,132.0
214,259943.0049918008,664693.426145958,275.0
214,262102.57394265657,662432.113602037,275.0
215,265532.2122810526,660871.933500534,275.0
215,262102.57394265657,662432.113602037,275.0
216,265532.2122810526,660871.933500534,275.0
216,270411.5180298893,666990.0974689694,275.0
217,265532.2122810526,660871.933500534,275.0
217,262663.1174305469,656795.2420884928,275.0
218,265532.2122810526,660871.933500534,275.0
218,295287.0719469262,685477.2161270356,275.0
219,298207.78732996737,613473.0437760069,275.0
219,294291.65805348015,617173.8041120642,275.0
220,298713.22417019925,620200.4224686209,275.0
220,294291.65805348015,617173.8041120642,275.0
221,282340.315002094,637431.5368256122,132.0
221,283023.51745703607,632849.9222081646,132.0
222,282340.315002094,637431.5368256122,132.0
222,270516.2664342594,638970.1168085998,132.0
223,282340.315002094,637431.5368256122,132.0
223,285234.8224089169,643489.9273743795,132.0
224,282340.315002094,637431.5368256122,400.0
224,294291.65805348015,617173.8041120642,400.0
225,282340.315002094,637431.5368256122,400.0
225,269539.9123970036,652985.7944030291,400.0
226,274049.0625815105,663857.8856888128,275.0
226,278802.66487260046,660367.9730376843,275.0
227,339736.05949315644,675265.9863062795,275.0
227,327334.3869383283,666985.7009764471,275.0
228,339736.05949315644,675265.9863062795,275.0
228,335462.3075754799,668782.4225535154,275.0
229,339736.05949315644,675265.9863062795,400.0
229,379485.0281819135,641670.1333251962,400.0
230,246329.48114101213,619691.505050143,132.0
230,245974.08866302276,625618.860430483,132.0
231,246329.48114101213,619691.505050143,132.0
231,241454.44835417788,613505.8019916718,132.0
232,246329.48114101213,619691.505050143,275.0
232,246463.0566774842,619709.1139885244,275.0
233,246329.48114101213,619691.505050143,275.0
233,223708.18835879109,586053.6477747196,275.0
234,246329.48114101213,619691.505050143,275.0
234,259632.22651864932,611569.7199070827,275.0
235,245974.08866302276,625618.860430483,132.0
235,245276.88220732543,634510.3990273136,132.0
236,245974.08866302276,625618.860430483,132.0
236,229804.18816555908,608629.7536946379,132.0
237,246463.0566774842,619709.1139885244,275.0
237,245276.88220732543,634510.3990273136,275.0
238,251972.83485044993,661179.1470809474,132.0
238,245036.1441654125,659940.0313582668,132.0
239,208005.55718179082,727738.1946257851,275.0
239,214255.14073383986,729382.0953543003,275.0
240,366382.8012224682,669254.388458987,132.0
240,369465.8868421966,669454.0428116134,132.0
241,366382.8012224682,669254.388458987,400.0
241,358371.47387738427,659283.5972131717,400.0
242,366382.8012224682,669254.388458987,400.0
242,373881.7860960922,673190.3559767432,400.0
243,336072.03608227364,714014.0464567569,132.0
243,337864.81686788116,701163.1279808808,132.0
244,318271.88782156166,668450.1425562189,132.0
244,322957.3971627821,672015.484469005,132.0
245,318271.88782156166,668450.1425562189,132.0
245,306199.7729111229,669007.1620497282,132.0
246,318271.88782156166,668450.1425562189,275.0
246,294748.0069393448,680049.5145172422,275.0
247,318271.88782156166,668450.1425562189,275.0
247,327334.3869383283,666985.7009764471,275.0
248,318271.88782156166,668450.1425562189,275.0
248,292714.1559751184,688050.2438959404,275.0
249,318271.88782156166,668450.1425562189,275.0
249,318864.9835692866,671055.1621694101,275.0
250,214255.14073383986,729382.0953543003,275.0
250,231620.32369127875,718404.2836564481,275.0
251,214255.14073383986,729382.0953543003,275.0
251,251693.81172268523,673141.2488745346,275.0
252,262102.57394265657,662432.113602037,132.0
252,259056.13365886742,658592.7819066586,132.0
253,282372.0133388369,684493.7315295222,275.0
253,259096.0797787387,670019.4851888708,275.0
254,282372.0133388369,684493.7315295222,275.0
254,295287.0719469262,685477.2161270356,275.0
255,260442.4615505756,610955.8761973538,132.0
255,259632.22651864932,611569.7199070827,132.0
256,230959.63577187678,672388.2371627823,132.0
256,244992.33426549606,670613.9322214713,132.0
257,230959.63577187678,672388.2371627823,132.0
257,224492.9267777841,674952.9432144507,132.0
258,230959.63577187678,672388.2371627823,400.0
258,245036.1441654125,659940.0313582668,400.0
259,230959.63577187678,672388.2371627823,400.0
259,251693.81172268523,673141.2488745346,400.0
260,289530.880817043,695268.9167725765,132.0
260,281050.926419406,693090.5866847006,132.0
261,289530.880817043,695268.9167725765,132.0
261,319616.3879905178,697437.3813100467,132.0
262,324592.78340595914,673341.4037546807,275.0
262,325159.5352536494,671442.3621451088,275.0
263,283023.51745703607,632849.9222081646,132.0
263,285885.5069645551,626191.7912786064,132.0
264,253294.87809009323,671671.837618711,275.0
264,251693.81172268523,673141.2488745346,275.0
265,298993.2684684344,575303.4419728033,132.0
265,270034.4598041455,552959.319185585,132.0
266,364357.98355880665,676102.5701519569,132.0
266,370546.0807650477,673787.3476911644,132.0
267,347354.01672756526,657149.2684334507,132.0
267,351619.2058079788,635205.4602828467,132.0
268,347354.01672756526,657149.2684334507,132.0
268,335462.3075754799,668782.4225535154,132.0
269,309943.74577907665,689472.3145776358,132.0
269,313532.12558767153,684123.4420741071,132.0
270,309943.74577907665,689472.3145776358,132.0
270,319677.77517294954,691101.4678408946,132.0
271,251801.20839200018,608064.5642303638,132.0
271,259632.22651864932,611569.7199070827,132.0
272,261424.32101509676,581921.6916645434,132.0
272,260927.65920849697,580259.5967426546,132.0
273,379485.0281819135,641670.1333251962,132.0
273,351619.2058079788,635205.4602828467,132.0
274,379485.0281819135,641670.1333251962,400.0
274,373881.7860960922,673190.3559767432,400.0
275,379485.0281819135,641670.1333251962,400.0
275,386004.976539759,641340.9048478618,400.0
276,270411.5180298893,666990.0974689694,275.0
276,295287.0719469262,685477.2161270356,275.0
277,270411.5180298893,666990.0974689694,275.0
277,278802.66487260046,660367.9730376843,275.0
278,262663.1174305469,656795.2420884928,275.0
278,269539.9123970036,652985.7944030291,275.0
279,264417.8260917773,651683.6057564543,275.0
279,245036.1441654125,659940.0313582668,275.0
280,264417.8260917773,651683.6057564543,275.0
280,269539.9123970036,652985.7944030291,275.0
281,264417.8260917773,651683.6057564543,275.0
281,258442.67919057817,647452.2330166603,275.0
282,264417.8260917773,651683.6057564543,275.0
282,273387.4906741563,661714.4349815188,275.0
283,245869.69044242526,663441.7061839505,132.0
283,243309.64414168432,664068.3285289973,132.0
284,245869.69044242526,663441.7061839505,132.0
284,245036.1441654125,659940.0313582668,132.0
285,294291.65805348015,617173.8041120642,400.0
285,332946.51138461777,571330.1378666265,400.0
286,294291.65805348015,617173.8041120642,400.0
286,306111.3694097228,605273.9876286438,400.0
287,294291.65805348015,617173.8041120642,400.0
287,269539.9123970036,652985.7944030291,400.0
288,253091.15069262794,667702.0485442766,132.0
288,255172.2575798735,666462.2489886893,132.0
289,253091.15069262794,667702.0485442766,132.0
289,251693.81172268523,673141.2488745346,132.0
290,328403.0715892688,585492.0165687231,132.0
290,332946.51138461777,571330.1378666265,132.0
291,358371.47387738427,659283.5972131717,400.0
291,335462.3075754799,668782.4225535154,400.0
292,257521.63894755807,665598.3305187196,132.0
292,255172.2575798735,666462.2489886893,132.0
293,351619.2058079788,635205.4602828467,132.0
293,349383.52948834066,615767.0488290065,132.0
294,244999.32016405658,703634.6749158622,132.0
294,231747.96876333145,684068.0612427144,132.0
295,244999.32016405658,703634.6749158622,132.0
295,239227.9236764333,675648.7636272812,132.0
296,244999.32016405658,703634.6749158622,132.0
296,228555.35861741944,706536.2913612922,132.0
297,228555.35861741944,706536.2913612922,132.0
297,223348.4538959267,692176.4875897338,132.0
298,228555.35861741944,706536.2913612922,132.0
298,251693.81172268523,673141.2488745346,132.0
299,272366.4359113751,606642.113126491,132.0
299,268886.30982786545,609778.7474789429,132.0
300,260927.65920849697,580259.5967426546,132.0
300,261180.62728776928,587334.5330774853,132.0
301,260927.65920849697,580259.5967426546,132.0
301,240560.34647193903,564367.8225340223,132.0
302,260927.65920849697,580259.5967426546,132.0
302,270034.4598041455,552959.319185585,132.0
303,220583.92911525842,557124.4264261667,132.0
303,240560.34647193903,564367.8225340223,132.0
304,321293.6872605728,691349.8156737991,132.0
304,319677.77517294954,691101.4678408946,132.0
305,321293.6872605728,691349.8156737991,132.0
305,328768.83127849095,695326.9531178391,132.0
306,321293.6872605728,691349.8156737991,132.0
306,319616.3879905178,697437.3813100467,132.0
307,325620.34742852044,702249.46893013,275.0
307,325599.1366904143,702235.8110517984,275.0
308,325599.1366904143,702235.8110517984,275.0
308,319616.3879905178,697437.3813100467,275.0
309,322957.3971627821,672015.484469005,132.0
309,322604.30654969905,674971.9386624672,132.0
310,255231.5698905483,664678.0386075808,132.0
310,256366.76584720542,661877.8143682566,132.0
311,255231.5698905483,664678.0386075808,132.0
311,249136.22451319726,663282.108247337,132.0
312,294748.0069393448,680049.5145172422,275.0
312,292714.1559751184,688050.2438959404,275.0
313,332946.51138461777,571330.1378666265,132.0
313,349383.52948834066,615767.0488290065,132.0
314,332946.51138461777,571330.1378666265,132.0
314,337741.2314601011,572388.4711082472,132.0
315,332946.51138461777,571330.1378666265,400.0
315,338399.9330799164,561216.2371918024,400.0
316,338399.9330799164,561216.2371918024,400.0
316,306111.3694097228,605273.9876286438,400.0
317,294499.9627464783,588343.2575990651,132.0
317,306111.3694097228,605273.9876286438,132.0
318,349383.52948834066,615767.0488290065,132.0
318,337741.2314601011,572388.4711082472,132.0
319,231747.96876333145,684068.0612427144,132.0
319,251693.81172268523,673141.2488745346,132.0
320,218252.9603365996,650950.7082083559,400.0
320,218759.72037157108,651157.0782157904,400.0
321,218552.04622011472,651154.5943112654,132.0
321,220347.79325739582,653694.1186704901,132.0
322,218552.04622011472,651154.5943112654,132.0
322,225978.74440921858,647537.0963964654,132.0
323,218552.04622011472,651154.5943112654,400.0
323,218759.72037157108,651157.0782157904,400.0
324,218552.04622011472,651154.5943112654,400.0
324,245276.88220732543,634510.3990273136,400.0
325,218759.72037157108,651157.0782157904,400.0
325,218872.4645430622,651326.0368966147,400.0
326,218759.72037157108,651157.0782157904,400.0
326,245036.1441654125,659940.0313582668,400.0
327,220347.79325739582,653694.1186704901,132.0
327,231642.1810655245,644417.593694637,132.0
328,220347.79325739582,653694.1186704901,132.0
328,224285.8583680243,642702.2882605003,132.0
329,231609.54110590613,717945.3608115487,275.0
329,231620.32369127875,718404.2836564481,275.0
330,231620.32369127875,718404.2836564481,275.0
330,251693.81172268523,673141.2488745346,275.0
331,370546.0807650477,673787.3476911644,132.0
331,373881.7860960922,673190.3559767432,132.0
332,225978.74440921858,647537.0963964654,132.0
332,231642.1810655245,644417.593694637,132.0
333,225978.74440921858,647537.0963964654,132.0
333,224285.8583680243,642702.2882605003,132.0
334,344241.8174154808,588152.7288855016,132.0
334,337741.2314601011,572388.4711082472,132.0
335,327334.3869383283,666985.7009764471,275.0
335,335462.3075754799,668782.4225535154,275.0
336,327334.3869383283,666985.7009764471,275.0
336,325159.5352536494,671442.3621451088,275.0
337,261180.62728776928,587334.5330774853,132.0
337,259632.22651864932,611569.7199070827,132.0
338,255685.74406171852,670210.0362834382,132.0
338,251693.81172268523,673141.2488745346,132.0
339,249303.10619462695,670583.9338865365,132.0
339,251693.81172268523,673141.2488745346,132.0
340,223206.72697333188,576169.4597481478,275.0
340,223708.18835879109,586053.6477747196,275.0
341,245276.88220732543,634510.3990273136,132.0
341,233824.96859807137,635409.7082085335,132.0
342,245276.88220732543,634510.3990273136,275.0
342,243376.96632719645,636081.9153786297,275.0
343,245276.88220732543,634510.3990273136,400.0
343,269539.9123970036,652985.7944030291,400.0
344,231642.1810655245,644417.593694637,132.0
344,233824.96859807137,635409.7082085335,132.0
345,292365.7640723237,688313.6296130056,275.0
345,292714.1559751184,688050.2438959404,275.0
346,292714.1559751184,688050.2438959404,275.0
346,295287.0719469262,685477.2161270356,275.0
347,259096.0797787387,670019.4851888708,275.0
347,259082.87446535568,666734.0621749449,275.0
348,259096.0797787387,670019.4851888708,275.0
348,251693.81172268523,673141.2488745346,275.0
349,338238.84995962935,702137.3276965029,132.0
349,337864.81686788116,701163.1279808808,132.0
350,337864.81686788116,701163.1279808808,132.0
350,328768.83127849095,695326.9531178391,132.0
351,337864.81686788116,701163.1279808808,132.0
351,319616.3879905178,697437.3813100467,132.0
352,295287.0719469262,685477.2161270356,275.0
352,319677.77517294954,691101.4678408946,275.0
353,295287.0719469262,685477.2161270356,275.0
353,319616.3879905178,697437.3813100467,275.0
354,229804.18816555908,608629.7536946379,132.0
354,241454.44835417788,613505.8019916718,132.0
355,319677.77517294954,691101.4678408946,132.0
355,319677.77517294954,691101.4678408946,132.0
356,319677.77517294954,691101.4678408946,275.0
356,319616.3879905178,697437.3813100467,275.0
357,278802.66487260046,660367.9730376843,275.0
357,279119.3970942431,653955.9244445316,275.0
358,259632.22651864932,611569.7199070827,132.0
358,259632.22649669406,611569.7196602856,132.0
359,245036.1441654125,659940.0313582668,132.0
359,249136.22451319726,663282.108247337,132.0
360,245036.1441654125,659940.0313582668,275.0
360,251693.81172268523,673141.2488745346,275.0
361,330003.97101714474,673821.2359751839,275.0
361,326132.4077859978,675333.0491692494,275.0
362,330003.97101714474,673821.2359751839,275.0
362,335462.3075754799,668782.4225535154,275.0
363,259082.87446535568,666734.0621749449,275.0
363,258400.3107014111,665586.8108438876,275.0
364,328768.83127849095,695326.9531178391,132.0
364,319616.3879905178,697437.3813100467,132.0
365,335462.3075754799,668782.4225535154,400.0
365,269539.9123970036,652985.7944030291,400.0
366,335462.3075754799,668782.4225535154,400.0
366,373881.7860960922,673190.3559767432,400.0
367,335462.3075754799,668782.4225535154,400.0
367,279119.3970942431,653955.9244445316,400.0
368,269539.9123970036,652985.7944030291,400.0
368,279119.3970942431,653955.9244445316,400.0
369,281050.926419406,693090.5866847006,132.0
369,319616.3879905178,697437.3813100467,132.0
370,239227.9236764333,675648.7636272812,132.0
370,251693.81172268523,673141.2488745346,132.0
371,319133.67952597095,698192.4080073471,275.0
371,319616.3879905178,697437.3813100467,275.0
372,223265.96429851573,692068.7560575148,132.0
372,223348.4538959267,692176.4875897338,132.0
373,277200.13688128314,64999.5608485828,400.0
373,301134.0938149921,97431.77274720758,400.0
374,277200.13688128314,64999.5608485828,400.0
374,257093.7088894215,56100.954580686026,400.0
375,302500.140744223,166099.8355851685,275.0
375,302398.6960201551,177381.05609083705,275.0
376,302500.140744223,166099.8355851685,275.0
376,283045.4050956855,183258.76719546685,275.0
377,302500.140744223,166099.8355851685,275.0
377,321599.69402508077,176500.07092031947,275.0
378,302500.140744223,166099.8355851685,275.0
378,310008.2315809424,186949.03049836558,275.0
379,445172.455415981,394545.25080522854,275.0
379,443180.1401756607,389600.56640737,275.0
380,445172.455415981,394545.25080522854,275.0
380,441430.1339053013,400754.07322342583,275.0
381,250201.8225985781,125174.68530834734,400.0
381,194016.53731658476,59131.17590742221,400.0
382,250201.8225985781,125174.68530834734,400.0
382,319200.074131969,124800.2540317789,400.0
383,493120.09214804287,197102.95928420778,400.0
383,475299.7538914609,225899.50112241064,400.0
384,493120.09214804287,197102.95928420778,400.0
384,504311.4451681185,183731.6135011688,400.0
385,334961.46948066994,98977.03718193134,400.0
385,365647.3062717991,80590.6884086529,400.0
386,334961.46948066994,98977.03718193134,400.0
386,301134.0938149921,97431.77274720758,400.0
387,273227.22947713925,192588.31168895942,275.0
387,278507.7458980094,186389.91920055635,275.0
388,273227.22947713925,192588.31168895942,275.0
388,264623.8145861962,200082.76635340654,275.0
389,546906.2017831481,182564.9355988573,275.0
389,541628.063452004,189726.66852686787,275.0
390,546906.2017831481,182564.9355988573,400.0
390,558825.2085121005,179475.43545384554,400.0
391,546906.2017831481,182564.9355988573,400.0
391,538993.7478335521,181994.0472176032,400.0
392,546906.2017831481,182564.9355988573,400.0
392,559056.6149724844,177072.13434581656,400.0
393,530535.9841526906,165437.70908530726,275.0
393,516925.90814970864,161900.36190005403,275.0
394,530535.9841526906,165437.70908530726,275.0
394,526016.9970256609,171773.0000427856,275.0
395,530535.9841526906,165437.70908530726,400.0
395,539109.2294694411,163323.10580616514,400.0
396,426300.2960937422,276499.6899242305,275.0
396,436539.9764480384,284362.65892368415,275.0
397,426300.2960937422,276499.6899242305,275.0
397,402000.1746433509,261599.82055866648,275.0
398,426300.2960937422,276499.6899242305,275.0
398,398099.74186256743,293799.7962391032,275.0
399,519661.66528615495,338546.8852603824,400.0
399,525992.4880543117,324876.51731406536,400.0
400,519661.66528615495,338546.8852603824,400.0
400,548591.1315732251,316534.88065996894,400.0
401,519661.66528615495,338546.8852603824,400.0
401,479467.627857733,385528.51922312664,400.0
402,329380.8303933774,385985.5830292911,275.0
402,336803.6164693039,374976.7617537873,275.0
403,329380.8303933774,385985.5830292911,275.0
403,338692.25975262455,391746.31445729913,275.0
404,383619.2854239011,268248.6351475089,275.0
404,402000.1746433509,261599.82055866648,275.0
405,383619.2854239011,268248.6351475089,275.0
405,399194.29800809454,281523.31119308644,275.0
406,383619.2854239011,268248.6351475089,275.0
406,385900.07815819484,295399.58957468404,275.0
407,429994.7598163845,583071.978688529,275.0
407,416512.1439499292,564803.6422803834,275.0
408,429994.7598163845,583071.978688529,275.0
408,432099.372480949,570023.9434031948,275.0
409,429994.7598163845,583071.978688529,400.0
409,412651.01873996534,568867.3495571642,400.0
410,301624.2988772817,373566.13472157257,400.0
410,302113.3586532792,373426.96980407706,400.0
411,524011.89098133706,120992.21109796246,400.0
411,467499.78370471275,113499.55811115299,400.0
412,524011.89098133706,120992.21109796246,400.0
412,572399.6793741212,111900.50365048784,400.0
413,454114.47708239313,109731.82583238129,400.0
413,450526.5376799767,104558.72330189386,400.0
414,454114.47708239313,109731.82583238129,400.0
414,467499.78370471275,113499.55811115299,400.0
415,577491.0599791443,221617.3820201616,400.0
415,609945.7634340652,246063.88283949863,400.0
416,577491.0599791443,221617.3820201616,400.0
416,574511.1848918214,210357.4248459426,400.0
417,577491.0599791443,221617.3820201616,400.0
417,545800.3500901089,228399.4585215596,400.0
418,577491.0599791443,221617.3820201616,400.0
418,579945.5569666638,190826.92514082417,400.0
419,409034.59117609967,434909.7347259958,275.0
419,411759.01236999955,422000.8133329938,275.0
420,409034.59117609967,434909.7347259958,275.0
420,426648.06807181274,434468.0525522765,275.0
421,409034.59117609967,434909.7347259958,275.0
421,448408.391654206,429233.40543906484,275.0
422,409034.59117609967,434909.7347259958,400.0
422,378519.4268159441,433256.4754601631,400.0
423,391371.61031699454,390918.4450356914,275.0
423,392057.2475395672,374627.75374072336,275.0
424,391371.61031699454,390918.4450356914,275.0
424,381797.6291612152,391630.08269905054,275.0
425,391371.61031699454,390918.4450356914,275.0
425,397125.942968954,399456.9392568999,275.0
426,609945.7634340652,246063.88283949863,400.0
426,646601.1671849561,262722.06585509726,400.0
427,609945.7634340652,246063.88283949863,400.0
427,621799.8952760983,302300.54368211556,400.0
428,609945.7634340652,246063.88283949863,400.0
428,545800.3500901089,228399.4585215596,400.0
429,609945.7634340652,246063.88283949863,400.0
429,647291.2842786926,263596.2923692097,400.0
430,536807.0438074642,198029.64568318683,275.0
430,535272.7514989311,191235.86643510277,275.0
431,536807.0438074642,198029.64568318683,275.0
431,537504.3949759636,203626.95389478625,275.0
432,443180.1401756607,389600.56640737,275.0
432,440899.68268547824,369900.114875075,275.0
433,443180.1401756607,389600.56640737,275.0
433,436201.1794194582,381552.5533485677,275.0
434,443180.1401756607,389600.56640737,275.0
434,435271.51971645514,383680.4866789906,275.0
435,443180.1401756607,389600.56640737,275.0
435,440909.4250634381,390753.83855435695,275.0
436,443180.1401756607,389600.56640737,275.0
436,448763.6602305671,390053.95870236313,275.0
437,443180.1401756607,389600.56640737,275.0
437,440346.5872580329,389553.22036988754,275.0
438,443180.1401756607,389600.56640737,400.0
438,460504.7127468518,409540.7890388546,400.0
439,464396.2488567484,159999.53645604372,400.0
439,451354.6200758105,192113.11060009728,400.0
440,464396.2488567484,159999.53645604372,400.0
440,478279.1478841676,150741.43438598496,400.0
441,464396.2488567484,159999.53645604372,400.0
441,389699.6524541722,165999.68540956802,400.0
442,464396.2488567484,159999.53645604372,400.0
442,505940.3696140095,162688.41755649663,400.0
443,332272.6654784593,135800.21861226409,275.0
443,321000.0532138879,145799.46999910127,275.0
444,574511.1848918214,210357.4248459426,400.0
444,579945.5569666638,190826.92514082417,400.0
445,557885.9001082692,267203.23122404306,400.0
445,545800.3500901089,228399.4585215596,400.0
446,557885.9001082692,267203.23122404306,400.0
446,548591.1315732251,316534.88065996894,400.0
447,392652.96403164003,304367.0698166527,275.0
447,423507.0481405232,319546.29141750565,275.0
448,392652.96403164003,304367.0698166527,275.0
448,385900.07815819484,295399.58957468404,275.0
449,392652.96403164003,304367.0698166527,275.0
449,396010.6966825963,297707.1820575078,275.0
450,402741.37176649726,295045.93517933117,275.0
450,410235.9333936392,289922.79765302676,275.0
451,365300.34526390454,184042.00833635253,132.0
451,366799.6742171653,185800.48701424903,132.0
452,615954.0127276563,159426.53364852173,400.0
452,604906.9065269164,163983.44296854234,400.0
453,615954.0127276563,159426.53364852173,400.0
453,590799.8697534263,166899.9224236536,400.0
454,615954.0127276563,159426.53364852173,400.0
454,633310.9610078203,162015.5955244301,400.0
455,615954.0127276563,159426.53364852173,400.0
455,608399.9762876249,138199.5805130002,400.0
456,336803.6164693039,374976.7617537873,132.0
456,336072.788715965,374757.98287281394,132.0
457,336803.6164693039,374976.7617537873,400.0
457,328401.79572370107,370756.23333394714,400.0
458,336803.6164693039,374976.7617537873,400.0
458,352385.12133320095,379424.69923147716,400.0
459,320575.35430451017,178017.71363605926,275.0
459,302398.6960201551,177381.05609083705,275.0
460,320575.35430451017,178017.71363605926,275.0
460,332306.4665007363,183600.18825735303,275.0
461,373057.7556041556,393157.0553219635,275.0
461,381797.6291612152,391630.08269905054,275.0
462,373057.7556041556,393157.0553219635,400.0
462,374999.9852649027,392199.5801343847,400.0
463,373057.7556041556,393157.0553219635,400.0
463,376356.1659307546,404669.98096473725,400.0
464,373057.7556041556,393157.0553219635,400.0
464,350156.847727973,427922.87005678937,400.0
465,394599.2470441282,349299.6241855304,400.0
465,374999.9852649027,392199.5801343847,400.0
466,394599.2470441282,349299.6241855304,400.0
466,423507.0481405232,319546.29141750565,400.0
467,394599.2470441282,349299.6241855304,400.0
467,392057.2475395672,374627.75374072336,400.0
468,365647.3062717991,80590.6884086529,400.0
468,301134.0938149921,97431.77274720758,400.0
469,365647.3062717991,80590.6884086529,400.0
469,407499.83090960153,105299.57822807139,400.0
470,450526.5376799767,104558.72330189386,400.0
470,447099.9867129563,102699.56177811584,400.0
471,450526.5376799767,104558.72330189386,400.0
471,467499.78370471275,113499.55811115299,400.0
472,516925.90814970864,161900.36190005403,275.0
472,505940.3696140095,162688.41755649663,275.0
473,440899.68268547824,369900.114875075,275.0
473,480700.0339773725,370799.8215209958,275.0
474,558825.2085121005,179475.43545384554,400.0
474,566145.6365035895,176054.76941758633,400.0
475,558825.2085121005,179475.43545384554,400.0
475,559056.6149724844,177072.13434581656,400.0
476,310097.4186689409,193806.87704322586,275.0
476,310008.2315809424,186949.03049836558,275.0
477,310097.4186689409,193806.87704322586,400.0
477,328607.12948565284,183723.73423906422,400.0
478,310097.4186689409,193806.87704322586,400.0
478,315524.6993648185,212904.33749330085,400.0
479,310097.4186689409,193806.87704322586,400.0
479,296066.79044063063,204457.7908462814,400.0
480,310097.4186689409,193806.87704322586,400.0
480,264623.8145861962,200082.76635340654,400.0
481,310097.4186689409,193806.87704322586,400.0
481,337114.55927309796,185541.48028413445,400.0
482,532181.9648909286,183028.41882043565,400.0
482,537965.8094471393,183399.87367727602,400.0
483,532181.9648909286,183028.41882043565,400.0
483,526941.7620553856,182494.7130046413,400.0
484,532181.9648909286,183028.41882043565,400.0
484,538993.7478335521,181994.0472176032,400.0
485,604906.9065269164,163983.44296854234,400.0
485,590799.8697534263,166899.9224236536,400.0
486,328401.79572370107,370756.23333394714,400.0
486,374999.9852649027,392199.5801343847,400.0
487,328401.79572370107,370756.23333394714,400.0
487,323893.6860726658,373435.39833518234,400.0
488,328401.79572370107,370756.23333394714,400.0
488,302113.3586532792,373426.96980407706,400.0
489,328401.79572370107,370756.23333394714,400.0
489,323292.6162302393,358335.9930394424,400.0
490,574037.7177054646,182290.10643414146,400.0
490,579945.5569666638,190826.92514082417,400.0
491,574037.7177054646,182290.10643414146,400.0
491,566145.6365035895,176054.76941758633,400.0
492,481294.1700545543,378919.61984237307,400.0
492,482299.7034559301,411900.07163155096,400.0
493,481294.1700545543,378919.61984237307,400.0
493,475837.65290684404,285757.1243590297,400.0
494,481294.1700545543,378919.61984237307,400.0
494,504696.1981658821,311300.16453270894,400.0
495,481294.1700545543,378919.61984237307,400.0
495,475869.68816922547,353982.43489873054,400.0
496,481294.1700545543,378919.61984237307,400.0
496,479467.627857733,385528.51922312664,400.0
497,436539.9764480384,284362.65892368415,275.0
497,410235.9333936392,289922.79765302676,275.0
498,436539.9764480384,284362.65892368415,275.0
498,450200.034610863,329799.83482242306,275.0
499,456027.69140078756,201672.842189877,400.0
499,453496.3858666192,196000.47933737718,400.0
500,456027.69140078756,201672.842189877,400.0
500,451354.6200758105,192113.11060009728,400.0
501,456027.69140078756,201672.842189877,400.0
501,475299.7538914609,225899.50112241064,400.0
502,456027.69140078756,201672.842189877,400.0
502,491035.74333286984,223745.12185200403,400.0
503,456027.69140078756,201672.842189877,400.0
503,399899.9947872659,189800.5309959519,400.0
504,456027.69140078756,201672.842189877,400.0
504,382637.2909394046,220106.85743636882,400.0
505,302398.6960201551,177381.05609083705,275.0
505,283045.4050956855,183258.76719546685,275.0
506,504462.0169832611,434986.5581004943,275.0
506,516736.26400084724,429356.7465864263,275.0
507,504462.0169832611,434986.5581004943,275.0
507,516301.20333754085,428770.18087337154,275.0
508,504462.0169832611,434986.5581004943,400.0
508,484572.7933051113,416906.2808474272,400.0
509,504462.0169832611,434986.5581004943,400.0
509,477823.73664268426,445581.8102692757,400.0
510,453496.3858666192,196000.47933737718,400.0
510,451354.6200758105,192113.11060009728,400.0
511,374999.9852649027,392199.5801343847,400.0
511,392057.2475395672,374627.75374072336,400.0
512,580974.598838561,172654.12843154266,400.0
512,580800.1373769642,171999.99585350993,400.0
513,259559.39129861764,360319.6489047039,400.0
513,255888.45489347956,367893.21766987146,400.0
514,423507.0481405232,319546.29141750565,400.0
514,402741.37176649726,295045.93517933117,400.0
515,423507.0481405232,319546.29141750565,400.0
515,419500.2842768618,292499.57576069434,400.0
516,423507.0481405232,319546.29141750565,400.0
516,398500.3350075894,288999.8142014518,400.0
517,423507.0481405232,319546.29141750565,400.0
517,450200.034610863,329799.83482242306,400.0
518,423507.0481405232,319546.29141750565,400.0
518,405845.59208977583,317669.7455787808,400.0
519,423507.0481405232,319546.29141750565,400.0
519,430099.786681739,328700.1681261611,400.0
520,466563.38837251044,427094.51548667473,400.0
520,457500.0182403856,424500.1089436413,400.0
521,466563.38837251044,427094.51548667473,400.0
521,461633.7511738315,415951.57347483526,400.0
522,466563.38837251044,427094.51548667473,400.0
522,477823.73664268426,445581.8102692757,400.0
523,466563.38837251044,427094.51548667473,400.0
523,460504.7127468518,409540.7890388546,400.0
524,607283.7608434623,116863.42192757997,400.0
524,572399.6793741212,111900.50365048784,400.0
525,607283.7608434623,116863.42192757997,400.0
525,608399.9762876249,138199.5805130002,400.0
526,518352.3392137572,179461.73549115896,275.0
526,506439.47888588335,170543.7535807141,275.0
527,518352.3392137572,179461.73549115896,275.0
527,520981.256111745,183180.66348448815,275.0
528,516100.1964987293,258799.84143840754,400.0
528,520400.66396247945,226740.04649894824,400.0
529,516100.1964987293,258799.84143840754,400.0
529,504696.1981658821,311300.16453270894,400.0
530,475299.7538914609,225899.50112241064,400.0
530,491035.74333286984,223745.12185200403,400.0
531,475299.7538914609,225899.50112241064,400.0
531,464512.9638511287,266415.46221858944,400.0
532,457500.0182403856,424500.1089436413,400.0
532,448408.391654206,429233.40543906484,400.0
533,457500.0182403856,424500.1089436413,400.0
533,385803.1325342037,413979.9074095304,400.0
534,457500.0182403856,424500.1089436413,400.0
534,460504.7127468518,409540.7890388546,400.0
535,457500.0182403856,424500.1089436413,400.0
535,448099.90437572496,425099.9709312832,400.0
536,457500.0182403856,424500.1089436413,400.0
536,426506.1110933338,399100.2883178087,400.0
537,411759.01236999955,422000.8133329938,275.0
537,448099.90437572496,425099.9709312832,275.0
538,411759.01236999955,422000.8133329938,275.0
538,426648.06807181274,434468.0525522765,275.0
539,411759.01236999955,422000.8133329938,275.0
539,397125.942968954,399456.9392568999,275.0
540,514671.62155668443,197049.20992003346,132.0
540,523078.2021726164,188291.80450424878,132.0
541,514671.62155668443,197049.20992003346,275.0
541,524099.813298194,192499.63784085575,275.0
542,514671.62155668443,197049.20992003346,275.0
542,559602.4709741112,186277.57514373958,275.0
543,514671.62155668443,197049.20992003346,275.0
543,510519.71342774905,194991.85842198133,275.0
544,514671.62155668443,197049.20992003346,400.0
544,526941.7620553856,182494.7130046413,400.0
545,514671.62155668443,197049.20992003346,400.0
545,503024.3384256939,227522.7461235909,400.0
546,453000.1427175334,300136.91128619603,400.0
546,464512.9638511287,266415.46221858944,400.0
547,453000.1427175334,300136.91128619603,400.0
547,450200.034610863,329799.83482242306,400.0
548,301134.0938149921,97431.77274720758,400.0
548,319200.074131969,124800.2540317789,400.0
549,447099.9867129563,102699.56177811584,400.0
549,407499.83090960153,105299.57822807139,400.0
550,447099.9867129563,102699.56177811584,400.0
550,439234.1510506456,111040.84869429396,400.0
551,402000.1746433509,261599.82055866648,400.0
551,419500.2842768618,292499.57576069434,400.0
552,402000.1746433509,261599.82055866648,400.0
552,365600.73707693926,304044.97402847704,400.0
553,402000.1746433509,261599.82055866648,400.0
553,399899.9947872659,189800.5309959519,400.0
554,402000.1746433509,261599.82055866648,400.0
554,382637.2909394046,220106.85743636882,400.0
555,461633.7511738315,415951.57347483526,400.0
555,482299.7034559301,411900.07163155096,400.0
556,461633.7511738315,415951.57347483526,400.0
556,460504.7127468518,409540.7890388546,400.0
557,448099.90437572496,425099.9709312832,275.0
557,448408.391654206,429233.40543906484,275.0
558,448099.90437572496,425099.9709312832,275.0
558,433405.0458553831,431381.86313138553,275.0
559,267900.27563531336,344399.47446707066,275.0
559,269199.99189866026,338400.0536821493,275.0
560,354299.82622686756,386299.6364371202,275.0
560,352385.12133320095,379424.69923147716,275.0
561,354299.82622686756,386299.6364371202,275.0
561,351008.9317220523,391863.5621800459,275.0
562,478279.1478841676,150741.43438598496,400.0
562,467499.78370471275,113499.55811115299,400.0
563,389649.1442885471,568652.8124652525,275.0
563,338386.52540160826,561126.6051000548,275.0
564,389649.1442885471,568652.8124652525,275.0
564,416512.1439499292,564803.6422803834,275.0
565,352385.12133320095,379424.69923147716,400.0
565,351900.83595286554,380032.8298578633,400.0
566,484572.7933051113,416906.2808474272,400.0
566,517199.72880748543,416700.02600881434,400.0
567,484572.7933051113,416906.2808474272,400.0
567,482299.7034559301,411900.07163155096,400.0
568,484572.7933051113,416906.2808474272,400.0
568,515392.67826190335,419167.6274152886,400.0
569,588853.5569520991,175347.49057837826,400.0
569,590799.8697534263,166899.9224236536,400.0
570,588853.5569520991,175347.49057837826,400.0
570,580800.1373769642,171999.99585350993,400.0
571,588853.5569520991,175347.49057837826,400.0
571,587052.1811997985,174655.03940085077,400.0
572,588853.5569520991,175347.49057837826,400.0
572,566145.6365035895,176054.76941758633,400.0
573,486899.71930887736,261300.53243360855,400.0
573,475837.65290684404,285757.1243590297,400.0
574,486899.71930887736,261300.53243360855,400.0
574,501409.8378185133,240466.572606844,400.0
575,522500.07056505093,409300.0929324547,400.0
575,482299.7034559301,411900.07163155096,400.0
576,522500.07056505093,409300.0929324547,400.0
576,522817.8270084921,413458.14969115116,400.0
577,456226.2028152802,520388.76421177434,275.0
577,456158.96293456934,519310.959509325,275.0
578,456226.2028152802,520388.76421177434,275.0
578,456251.67096083506,520428.09108873736,275.0
579,456213.6722881048,520414.57655035367,275.0
579,456158.96293456934,519310.959509325,275.0
580,456213.6722881048,520414.57655035367,275.0
580,456251.67096083506,520428.09108873736,275.0
581,535746.8331029151,186321.15344238782,275.0
581,535272.7514989311,191235.86643510277,275.0
582,535746.8331029151,186321.15344238782,400.0
582,530823.5965658947,186391.23707818863,400.0
583,535746.8331029151,186321.15344238782,400.0
583,538993.7478335521,181994.0472176032,400.0
584,338399.9330799164,561216.2371918024,132.0
584,338386.52540160826,561126.6051000548,132.0
585,338399.9330799164,561216.2371918024,400.0
585,338386.52540160826,561126.6051000548,400.0
586,338572.73497563927,442488.56318113126,400.0
586,341800.0552111141,459900.283002018,400.0
587,338572.73497563927,442488.56318113126,400.0
587,350156.847727973,427922.87005678937,400.0
588,338572.73497563927,442488.56318113126,400.0
588,335134.71316764934,442994.6204254315,400.0
589,419500.2842768618,292499.57576069434,132.0
589,419942.2159083193,292389.4276257928,132.0
590,419500.2842768618,292499.57576069434,275.0
590,410235.9333936392,289922.79765302676,275.0
591,419500.2842768618,292499.57576069434,400.0
591,430099.786681739,328700.1681261611,400.0
592,338386.52540160826,561126.6051000548,132.0
592,337741.2314601011,572388.4711082472,132.0
593,338386.52540160826,561126.6051000548,275.0
593,416512.1439499292,564803.6422803834,275.0
594,338386.52540160826,561126.6051000548,400.0
594,356399.8542647748,489299.7084891775,400.0
595,445737.80015800043,534151.3482060907,275.0
595,452799.9688105722,527100.1143054506,275.0
596,445737.80015800043,534151.3482060907,275.0
596,438572.5643886675,545827.4332369154,275.0
597,452799.9688105722,527100.1143054506,275.0
597,438572.5643886675,545827.4332369154,275.0
598,452799.9688105722,527100.1143054506,275.0
598,449296.4039015291,523702.399342163,275.0
599,452799.9688105722,527100.1143054506,275.0
599,457139.66075724794,523866.03694373404,275.0
600,452799.9688105722,527100.1143054506,275.0
600,434000.28588292515,560799.7022581684,275.0
601,438572.5643886675,545827.4332369154,275.0
601,441145.6696248343,522125.56760450045,275.0
602,438572.5643886675,545827.4332369154,275.0
602,434897.17460275016,554187.2983109573,275.0
603,438572.5643886675,545827.4332369154,275.0
603,434000.28588292515,560799.7022581684,275.0
604,438572.5643886675,545827.4332369154,400.0
604,441145.6696248343,522125.56760450045,400.0
605,516736.26400084724,429356.7465864263,275.0
605,516022.24618794664,428133.9165689207,275.0
606,341800.0552111141,459900.283002018,400.0
606,341836.80919811246,458961.5642435276,400.0
607,341800.0552111141,459900.283002018,400.0
607,354625.97930104716,459001.1737026061,400.0
608,530823.5965658947,186391.23707818863,400.0
608,526941.7620553856,182494.7130046413,400.0
609,480700.0339773725,370799.8215209958,275.0
609,448763.6602305671,390053.95870236313,275.0
610,480700.0339773725,370799.8215209958,400.0
610,479467.627857733,385528.51922312664,400.0
611,480700.0339773725,370799.8215209958,400.0
611,464009.8869264628,340734.56723601447,400.0
612,321000.0532138879,145799.46999910127,400.0
612,389699.6524541722,165999.68540956802,400.0
613,321000.0532138879,145799.46999910127,400.0
613,341625.2715760925,160500.94301986,400.0
614,321000.0532138879,145799.46999910127,400.0
614,320571.42871507077,145504.77415424434,400.0
615,321000.0532138879,145799.46999910127,400.0
615,319200.074131969,124800.2540317789,400.0
616,517199.72880748543,416700.02600881434,400.0
616,515392.67826190335,419167.6274152886,400.0
617,549884.3386203239,172639.39480253472,275.0
617,555600.1851863763,176399.51692083018,275.0
618,549884.3386203239,172639.39480253472,275.0
618,534815.0313609496,178008.87878674676,275.0
619,356399.8542647748,489299.7084891775,400.0
619,354625.97930104716,459001.1737026061,400.0
620,328607.12948565284,183723.73423906422,400.0
620,389699.6524541722,165999.68540956802,400.0
621,194016.53731658476,59131.17590742221,400.0
621,240900.21989964924,62899.97963037755,400.0
622,366799.6742171653,185800.48701424903,132.0
622,360599.7186287296,194400.3908005908,132.0
623,366799.6742171653,185800.48701424903,275.0
623,389699.6524541722,165999.68540956802,275.0
624,366799.6742171653,185800.48701424903,275.0
624,337114.55927309796,185541.48028413445,275.0
625,365600.73707693926,304044.97402847704,400.0
625,329528.3008330789,348321.5043660618,400.0
626,365600.73707693926,304044.97402847704,400.0
626,385900.07815819484,295399.58957468404,400.0
627,365600.73707693926,304044.97402847704,400.0
627,405845.59208977583,317669.7455787808,400.0
628,365600.73707693926,304044.97402847704,400.0
628,353314.97219927574,312546.3499876178,400.0
629,504311.4451681185,183731.6135011688,275.0
629,510419.55594111054,179042.64312146493,275.0
630,504311.4451681185,183731.6135011688,275.0
630,505940.3696140095,162688.41755649663,275.0
631,504311.4451681185,183731.6135011688,275.0
631,510519.71342774905,194991.85842198133,275.0
632,504311.4451681185,183731.6135011688,275.0
632,506439.47888588335,170543.7535807141,275.0
633,436201.1794194582,381552.5533485677,275.0
633,435271.51971645514,383680.4866789906,275.0
634,482299.7034559301,411900.07163155096,400.0
634,479467.627857733,385528.51922312664,400.0
635,482299.7034559301,411900.07163155096,400.0
635,515392.67826190335,419167.6274152886,400.0
636,376356.1659307546,404669.98096473725,275.0
636,388980.2126391842,403599.8930449646,275.0
637,376356.1659307546,404669.98096473725,400.0
637,378519.4268159441,433256.4754601631,400.0
638,590799.8697534263,166899.9224236536,400.0
638,560875.1726490902,171921.1966110196,400.0
639,523207.8130493562,182306.7134093598,400.0
639,526941.7620553856,182494.7130046413,400.0
640,523207.8130493562,182306.7134093598,400.0
640,526016.9970256609,171773.0000427856,400.0
641,523207.8130493562,182306.7134093598,400.0
641,520981.256111745,183180.66348448815,400.0
642,343841.9112959849,397367.1833989723,275.0
642,338692.25975262455,391746.31445729913,275.0
643,343841.9112959849,397367.1833989723,275.0
643,351008.9317220523,391863.5621800459,275.0
644,343841.9112959849,397367.1833989723,275.0
644,345794.02700795676,407655.2964721678,275.0
645,515392.67826190335,419167.6274152886,400.0
645,522817.8270084921,413458.14969115116,400.0
646,580800.1373769642,171999.99585350993,400.0
646,562059.6516049651,172452.18588748918,400.0
647,580800.1373769642,171999.99585350993,400.0
647,566599.9033096249,169999.96342459746,400.0
648,580800.1373769642,171999.99585350993,400.0
648,566145.6365035895,176054.76941758633,400.0
649,426648.06807181274,434468.0525522765,275.0
649,433405.0458553831,431381.86313138553,275.0
650,399194.29800809454,281523.31119308644,275.0
650,398099.74186256743,293799.7962391032,275.0
651,399194.29800809454,281523.31119308644,275.0
651,398500.3350075894,288999.8142014518,275.0
652,433732.83887107833,459987.14525945403,275.0
652,448408.391654206,429233.40543906484,275.0
653,433732.83887107833,459987.14525945403,275.0
653,456972.81664433505,453498.2506912595,275.0
654,456158.96293456934,519310.959509325,275.0
654,457139.66075724794,523866.03694373404,275.0
655,456158.96293456934,519310.959509325,400.0
655,449296.4039015291,523702.399342163,400.0
656,456158.96293456934,519310.959509325,400.0
656,477823.73664268426,445581.8102692757,400.0
657,257093.7088894215,56100.954580686026,400.0
657,240900.21989964924,62899.97963037755,400.0
658,506439.47888588335,170543.7535807141,275.0
658,505940.3696140095,162688.41755649663,275.0
659,329528.3008330789,348321.5043660618,400.0
659,323292.6162302393,358335.9930394424,400.0
660,329528.3008330789,348321.5043660618,400.0
660,353314.97219927574,312546.3499876178,400.0
661,491035.74333286984,223745.12185200403,400.0
661,503024.3384256939,227522.7461235909,400.0
662,646601.1671849561,262722.06585509726,132.0
662,647291.2842786926,263596.2923692097,132.0
663,646601.1671849561,262722.06585509726,400.0
663,647291.2842786926,263596.2923692097,400.0
664,555600.1851863763,176399.51692083018,400.0
664,560875.1726490902,171921.1966110196,400.0
665,555600.1851863763,176399.51692083018,400.0
665,559056.6149724844,177072.13434581656,400.0
666,560875.1726490902,171921.1966110196,400.0
666,539109.2294694411,163323.10580616514,400.0
667,467499.78370471275,113499.55811115299,400.0
667,436204.88943828456,115918.82050911884,400.0
668,392057.2475395672,374627.75374072336,400.0
668,397125.942968954,399456.9392568999,400.0
669,278507.7458980094,186389.91920055635,275.0
669,283045.4050956855,183258.76719546685,275.0
670,407499.83090960153,105299.57822807139,400.0
670,436204.88943828456,115918.82050911884,400.0
671,439234.1510506456,111040.84869429396,400.0
671,436204.88943828456,115918.82050911884,400.0
672,412651.01873996534,568867.3495571642,400.0
672,416512.1439499292,564803.6422803834,400.0
673,412651.01873996534,568867.3495571642,400.0
673,386004.976539759,641340.9048478618,400.0
674,389699.6524541722,165999.68540956802,400.0
674,399899.9947872659,189800.5309959519,400.0
675,389699.6524541722,165999.68540956802,400.0
675,341625.2715760925,160500.94301986,400.0
676,389699.6524541722,165999.68540956802,400.0
676,353625.56950306316,182227.08377283596,400.0
677,341836.80919811246,458961.5642435276,400.0
677,354625.97930104716,459001.1737026061,400.0
678,501409.8378185133,240466.572606844,400.0
678,503024.3384256939,227522.7461235909,400.0
679,448408.391654206,429233.40543906484,275.0
679,456972.81664433505,453498.2506912595,275.0
680,448408.391654206,429233.40543906484,400.0
680,378519.4268159441,433256.4754601631,400.0
681,584495.4897497259,312911.7775773336,400.0
681,621799.8952760983,302300.54368211556,400.0
682,584495.4897497259,312911.7775773336,400.0
682,548591.1315732251,316534.88065996894,400.0
683,434155.75281891844,390094.6528972441,275.0
683,437100.90914563107,389478.7473434674,275.0
684,434155.75281891844,390094.6528972441,275.0
684,434887.9370902085,386616.50552357465,275.0
685,434155.75281891844,390094.6528972441,400.0
685,426506.1110933338,399100.2883178087,400.0
686,534815.0313609496,178008.87878674676,275.0
686,526016.9970256609,171773.0000427856,275.0
687,562059.6516049651,172452.18588748918,400.0
687,566599.9033096249,169999.96342459746,400.0
688,562059.6516049651,172452.18588748918,400.0
688,559056.6149724844,177072.13434581656,400.0
689,435271.51971645514,383680.4866789906,275.0
689,434887.9370902085,386616.50552357465,275.0
690,435271.51971645514,383680.4866789906,275.0
690,437100.90914563107,389478.7473434674,275.0
691,621799.8952760983,302300.54368211556,132.0
691,624076.8638840076,306249.41792321514,132.0
692,441145.6696248343,522125.56760450045,275.0
692,449296.4039015291,523702.399342163,275.0
693,441145.6696248343,522125.56760450045,400.0
693,464132.6202754015,451678.49126505386,400.0
694,441145.6696248343,522125.56760450045,400.0
694,449296.4039015291,523702.399342163,400.0
695,441145.6696248343,522125.56760450045,400.0
695,428687.04913903907,534596.8678005354,400.0
696,398099.74186256743,293799.7962391032,275.0
696,396010.6966825963,297707.1820575078,275.0
697,434897.17460275016,554187.2983109573,275.0
697,434000.28588292515,560799.7022581684,275.0
698,464132.6202754015,451678.49126505386,400.0
698,477823.73664268426,445581.8102692757,400.0
699,378519.4268159441,433256.4754601631,400.0
699,350156.847727973,427922.87005678937,400.0
700,545800.3500901089,228399.4585215596,400.0
700,538823.458295835,208575.62232089357,400.0
701,545800.3500901089,228399.4585215596,400.0
701,503024.3384256939,227522.7461235909,400.0
702,545800.3500901089,228399.4585215596,400.0
702,520400.66396247945,226740.04649894824,400.0
703,193399.82555983443,202400.293914888,400.0
703,264623.8145861962,200082.76635340654,400.0
704,193399.82555983443,202400.293914888,400.0
704,382637.2909394046,220106.85743636882,400.0
705,302113.3586532792,373426.96980407706,400.0
705,255888.45489347956,367893.21766987146,400.0
706,255888.45489347956,367893.21766987146,400.0
706,269199.99189866026,338400.0536821493,400.0
707,255888.45489347956,367893.21766987146,400.0
707,235122.77922044304,393816.16962810024,400.0
708,235710.74119594877,392820.2283934849,132.0
708,235122.77922044304,393816.16962810024,132.0
709,350156.847727973,427922.87005678937,275.0
709,345794.02700795676,407655.2964721678,275.0
710,350156.847727973,427922.87005678937,400.0
710,354625.97930104716,459001.1737026061,400.0
711,437100.90914563107,389478.7473434674,275.0
711,440909.4250634381,390753.83855435695,275.0
712,437100.90914563107,389478.7473434674,275.0
712,439051.431713473,391184.1467409509,275.0
713,537965.8094471393,183399.87367727602,400.0
713,538993.7478335521,181994.0472176032,400.0
714,315524.6993648185,212904.33749330085,400.0
714,382637.2909394046,220106.85743636882,400.0
715,450200.034610863,329799.83482242306,400.0
715,475869.68816922547,353982.43489873054,400.0
716,450200.034610863,329799.83482242306,400.0
716,464009.8869264628,340734.56723601447,400.0
717,450200.034610863,329799.83482242306,400.0
717,430099.786681739,328700.1681261611,400.0
718,579945.5569666638,190826.92514082417,400.0
718,566145.6365035895,176054.76941758633,400.0
719,541628.063452004,189726.66852686787,275.0
719,535272.7514989311,191235.86643510277,275.0
720,296066.79044063063,204457.7908462814,400.0
720,264623.8145861962,200082.76635340654,400.0
721,385803.1325342037,413979.9074095304,275.0
721,397125.942968954,399456.9392568999,275.0
722,385803.1325342037,413979.9074095304,275.0
722,388980.2126391842,403599.8930449646,275.0
723,538823.458295835,208575.62232089357,400.0
723,537504.3949759636,203626.95389478625,400.0
724,516301.20333754085,428770.18087337154,275.0
724,516022.24618794664,428133.9165689207,275.0
725,353625.56950306316,182227.08377283596,400.0
725,337114.55927309796,185541.48028413445,400.0
726,320571.42871507077,145504.77415424434,400.0
726,319200.074131969,124800.2540317789,400.0
727,428687.04913903907,534596.8678005354,400.0
727,416512.1439499292,564803.6422803834,400.0
728,525992.4880543117,324876.51731406536,400.0
728,548591.1315732251,316534.88065996894,400.0
729,435335.35636907007,564462.862876206,275.0
729,432099.372480949,570023.9434031948,275.0
730,435335.35636907007,564462.862876206,275.0
730,434000.28588292515,560799.7022581684,275.0
731,397125.942968954,399456.9392568999,400.0
731,460504.7127468518,409540.7890388546,400.0
732,397125.942968954,399456.9392568999,400.0
732,426506.1110933338,399100.2883178087,400.0
733,475869.68816922547,353982.43489873054,400.0
733,475837.65290684404,285757.1243590297,400.0
734,417724.5753677553,564881.470261402,132.0
734,417232.3793395923,564477.3846643356,132.0
735,503024.3384256939,227522.7461235909,400.0
735,520400.66396247945,226740.04649894824,400.0
736,440909.4250634381,390753.83855435695,275.0
736,439051.431713473,391184.1467409509,275.0
737,460504.7127468518,409540.7890388546,275.0
737,441430.1339053013,400754.07322342583,275.0
738,448763.6602305671,390053.95870236313,275.0
738,441430.1339053013,400754.07322342583,275.0
739,566145.6365035895,176054.76941758633,275.0
739,559602.4709741112,186277.57514373958,275.0
740,269199.99189866026,338400.0536821493,400.0
740,323292.6162302393,358335.9930394424,400.0
741,321599.69402508077,176500.07092031947,275.0
741,332306.4665007363,183600.18825735303,275.0
742,432099.372480949,570023.9434031948,275.0
742,434000.28588292515,560799.7022581684,275.0
743,332306.4665007363,183600.18825735303,275.0
743,337114.55927309796,185541.48028413445,275.0
