node_number,longitude,latitude,Mar-89,11years,22years,33years,55years,110years,1000years,10000years,100000years,1000000years
2,-3.73183,50.47192,31.97233954,8.533417424,25.34127632,29.23870451,33.58054822,39.02863488,55.40486719,72.14878141,88.8990901,105.6493988
5,-3.29375,56.33943,16.36937342,4.368985765,12.97436537,14.96979199,17.1927529,19.98209413,28.3664872,36.93912806,45.51504279,54.09095752
8,-3.40251,51.38554,18.7692289,5.009507193,14.87649082,17.16445983,19.71332111,22.91159771,32.52519676,42.35464193,52.18784095,62.02103997
11,-5.145416667,56.19764167,10.97825791,2.930097036,8.701367219,10.03961686,11.53046428,13.40115943,19.02422313,24.7735368,30.52504612,36.27655544
14,-4.5444,57.45677,5.188535875,1.384820225,4.112433534,4.744916058,5.449519229,6.333645743,8.991213818,11.70845006,14.426724,17.14499795
17,-1.321106,53.445746,2.203060458,0.587996836,1.746145719,2.014698789,2.313874399,2.689275901,3.817683467,4.971426229,6.125609602,7.279792976
20,-4.2742,57.7081,3.892702743,1.038962362,3.085356194,3.559876658,4.088505691,4.751822238,6.745664583,8.784273009,10.82365998,12.86304694
23,-4.13651,51.00573,46.05994223,12.29339858,36.50711021,42.12181717,48.37675732,56.22537148,79.81727388,103.9388656,128.0696694,152.2004731
26,-0.656433,51.665495,7.279493064,1.942896699,5.769726202,6.657096407,7.645651565,8.886077183,12.61463353,16.42690405,20.24063046,24.05435688
29,-5.21917,56.2181,7.920164642,2.113891943,6.277522495,7.242990565,8.318548924,9.668144979,13.72485331,17.87264353,22.02201779,26.17139204
32,-2.61904,56.56383,16.07359883,4.290043528,12.73993443,14.69930613,16.88210085,19.62104209,27.85393941,36.27168312,44.69264155,53.11359997
35,-4.949,56.283,9.929384868,2.650152821,7.870030446,9.080422462,10.42883293,12.12080011,17.20663104,22.40664989,27.60865463,32.81065936
38,-4.88222,55.0533,32.23067636,8.602367521,25.54603408,29.47495353,33.85187938,39.34398664,55.85253907,72.73174428,89.61739563,106.503047
41,-6.645,57.5544,4.424780478,1.18097391,3.507081007,4.046461747,4.647346936,5.40132953,7.667702091,9.984959627,12.30310212,14.62124461
44,-2.924427778,50.786875,15.26980067,4.075509799,12.10284401,13.96423271,16.03787164,18.63984568,26.46103758,34.45783219,42.45768076,50.45752933
47,-4.58739,55.45686,26.07112852,6.958384202,20.66397647,23.84204703,27.38250629,31.82502659,45.17865862,58.83210862,72.49077286,86.14943709
50,-3.67388,55.9004,21.44665575,5.724112419,16.99861934,19.61296668,22.52542253,26.17993267,37.16490974,48.39652336,59.6324263,70.86832925
53,-3.76771,56.013815,9.863765967,2.632639136,7.818020905,9.020413976,10.35991339,12.04069912,17.09292004,22.25857428,27.42620127,32.59382826
57,0.11464,51.52028,16.52468541,4.410438535,13.09746565,15.1118248,17.35587708,20.17168348,28.63562734,37.28960509,45.94688777,54.60417046
60,0.11464,51.52028,0,0,0,0,0,0,0,0,0,0
63,-4.4898,57.46757,19.29747381,5.150495761,15.29517774,17.6475398,20.26813675,23.55642628,33.44059237,43.54667941,53.65662594,63.76657247
66,-4.4898,57.46757,0,0,0,0,0,0,0,0,0,0
69,-4.4898,57.46757,0,0,0,0,0,0,0,0,0,0
72,-0.12918,51.37403,22.76676086,6.076448473,18.04493466,20.82020281,23.91192893,27.79138498,39.45251989,51.37547256,63.30297857,75.23048458
75,-0.12918,51.37403,0,0,0,0,0,0,0,0,0,0
78,-4.937,57.1157,6.788394159,1.811822401,5.380481211,6.207986459,7.129850386,8.28659275,11.76360824,15.31869026,18.87512996,22.43156966
81,-3.5997,57.5045,5.770929268,1.540261022,4.574038538,5.277514815,6.06120701,7.044573357,10.00044333,13.02267899,16.04606883,19.06945867
84,-2.0787,55.7774,50.8461664,13.57084181,40.30067149,46.49881918,53.40372857,62.06791533,88.11132176,114.7394591,141.3777657,168.0160723
87,-1.615,52.3859,27.38554643,7.309202343,21.7057841,25.04408221,28.76303942,33.42953653,47.45641342,61.79822408,76.14551186,90.49279964
90,-4.6652,57.2234,5.921407427,1.580423642,4.693307527,5.415127092,6.219254221,7.228262047,10.26120693,13.362248,16.46447335,19.5666987
93,-0.220949,52.931077,19.38367917,5.173503969,15.36350411,17.7263746,20.35867823,23.66165716,33.58997763,43.74121041,53.89631992,64.05142944
96,-3.061366,53.366764,20.31653158,5.422482278,16.10288293,18.57946813,21.33845311,24.80039009,35.20651757,45.84628515,56.49011605,67.13394694
99,-2.24199,52.31256,28.88258101,7.708760871,22.89233371,26.41312033,30.33537483,35.25696664,50.05062463,65.17643231,80.3080165,95.43960069
102,-4.11034,55.36688,25.24873744,6.738888024,20.0121493,23.08997039,26.51874894,30.8211338,43.75353712,56.97630092,70.20411446,83.43192801
105,-4.0506,55.1039,55.28676357,14.7560372,43.8202888,50.55974528,58.06768778,67.48855229,95.80643259,124.7601107,153.7248461,182.6895815
108,-2.9451,57.52188,26.5174166,7.077498491,21.0177044,24.25017748,27.85124265,32.36981044,45.95203123,59.8392023,73.73167686,87.62415141
111,-2.9451,57.52188,0,0,0,0,0,0,0,0,0,0
114,-3.718533333,55.78187778,12.68750033,3.386293838,10.05611276,11.60271905,13.3256816,15.48763165,21.98616932,28.63061324,35.27759467,41.92457609
117,-3.730888889,55.79862222,29.5660197,7.891170658,23.43402721,27.03812501,31.05319049,36.09124025,51.23495554,66.71868005,82.20831777,97.69795549
121,-1.53282,55.1418,92.80140211,24.76869422,73.55439131,84.86688223,97.46931264,113.2826716,160.8155497,209.415644,258.0342986,306.6529531
124,-1.53282,55.1418,0,0,0,0,0,0,0,0,0,0
127,-3.732108333,57.25354167,17.33355225,4.626325094,13.73857351,15.85153353,18.20542992,21.15906723,30.03731269,39.114894,48.19594202,57.27699004
130,-3.474169444,53.25001667,18.45784131,4.926397846,14.62968502,16.87969588,19.38627073,22.53148689,31.98559321,41.6519647,51.32202777,60.99209083
133,-0.23513,50.97597,22.9616184,6.12845595,18.19937874,20.99840002,24.1165878,28.02924758,39.79018852,51.81518807,63.84477995,75.87437183
136,-3.861916667,56.00741667,21.68418598,5.787509239,17.18688581,19.83018808,22.77490054,26.46988583,37.57652589,48.93253409,60.29287913,71.65322416
139,-3.861916667,56.00741667,0,0,0,0,0,0,0,0,0,0
142,-1.23109,50.88487,25.06395249,6.689568918,19.86568874,22.92098455,26.3246693,30.5955668,43.43332326,56.55931518,69.69031989,82.82132459
145,0.57652,51.86474,20.4535497,5.459052415,16.21148349,18.7047712,21.48236325,24.96764812,35.44395628,46.15548025,56.87109494,67.58670963
148,-4.381,55.8807,8.083225604,2.157412914,6.406764614,7.392109815,8.489811852,9.867193495,14.00742165,18.2406069,22.47540879,26.71021069
151,-1.86632,53.81031,32.28096677,8.61579003,25.58589426,29.52094411,33.9046994,39.40537613,55.93968731,72.84522961,89.7572281,106.6692266
154,-1.86632,53.81031,0,0,0,0,0,0,0,0,0,0
157,-3.888444444,56.11042778,21.89696225,5.844299224,17.35553228,20.02477198,22.99837945,26.72962182,37.94524588,49.41268501,60.88450353,72.35632205
160,-2.12935,53.41484,3.677139179,0.981428447,2.914500513,3.362743779,3.862099279,4.488683795,6.372114483,8.29783227,10.22428549,12.1507387
163,1.062026,52.073123,45.53499691,12.15329068,36.09103855,41.64175468,47.82540726,55.58457073,78.90759615,102.754274,126.6100589,150.4658438
166,-2.55655,56.72038,4.548485786,1.213990856,3.605129834,4.159590251,4.777274621,5.552336598,7.882071018,10.26411302,12.64706473,15.03001643
169,-0.023346,51.664261,9.615738997,2.566440738,7.621434729,8.793593313,10.09941067,11.73793259,16.66311411,21.69887662,26.73656228,31.77424794
172,-1.35002,53.40147,4.104043292,1.095369155,3.252864713,3.753147591,4.31047667,5.009805647,7.111896621,9.261184093,11.41129237,13.56140065
175,-1.07695,51.33545,13.59201789,3.627709575,10.77303338,12.42990036,14.27569639,16.59177624,23.5536078,30.67174757,37.79260574,44.91346391
178,-5.9358,57.2479,5.219263672,1.393021474,4.136788387,4.773016628,5.481792635,6.371155165,9.044462018,11.7777904,14.51216264,17.24653488
181,-3.8747,58.0199,12.97333956,3.462584328,10.28266893,11.86411903,13.62589854,15.8365556,22.48150012,29.27563804,36.07237064,42.86910323
184,-3.4534,55.9193,13.60782154,3.631927568,10.78555935,12.4443528,14.29229496,16.61106775,23.58099394,30.70741008,37.83654778,44.96568549
187,-2.96861,51.11747,6.271527634,1.673870726,4.970812803,5.735312021,6.586985474,7.655653783,10.86793024,14.15232926,17.43798259,20.72363591
190,-3.4875,56.39667,15.31828286,4.088449694,12.14127099,14.00856967,16.08879248,18.69902788,26.54505236,34.56723709,42.59248548,50.61773387
193,0.31174,52.2803,24.14470471,6.444221688,19.13709295,22.08033246,25.35918336,29.47344104,41.84035879,54.48494065,67.13435145,79.78376225
196,-2.114,52.63718,7.513399864,2.005326424,5.955120732,6.871004176,7.891323877,9.171607214,13.01997062,16.95473813,20.89100832,24.82727851
199,-1.961768,52.553283,15.22475589,4.063487348,12.06714152,13.92303926,15.99056112,18.58485952,26.38297949,34.35618415,42.33243376,50.30868337
202,-1.961768,52.553283,0,0,0,0,0,0,0,0,0,0
205,-5.50231,55.59024,24.92814111,6.653320861,19.75804464,22.79678504,26.1820266,30.42978185,43.19797572,56.25284322,69.31269635,82.37254947
208,-4.18929,55.14348,11.52108503,3.074977595,9.131611995,10.53603226,12.10059561,14.0637885,19.96488825,25.99848048,32.03437693,38.07027337
211,-2.8493,57.452,7.732125596,2.063704322,6.128482748,7.071028858,8.121051514,9.438605715,13.39900045,17.44831462,21.49917522,25.55003582
214,1.094856,51.292304,35.89368688,9.580025027,28.44933622,32.82477665,37.69913933,43.81542357,62.20016999,80.9976938,99.80239636,118.6070989
217,-2.946181,53.267805,23.65921241,6.314643792,18.75229176,21.63634975,24.84927079,28.88080059,40.99904919,53.38937873,65.78444011,78.17950149
220,-2.946181,53.267805,0,0,0,0,0,0,0,0,0,0
223,-3.145346,51.495462,8.569566972,2.287217425,6.792238782,7.836868996,9.00061619,10.4608704,14.85020261,19.33808483,23.82768097,28.3172771
226,-2.402251,53.434876,12.2035672,3.257132084,9.672547359,11.1601622,12.81740663,14.89689448,21.14756159,27.53856973,33.93201859,40.32546744
230,-2.402251,53.434876,0,0,0,0,0,0,0,0,0,0
233,-4.7277,58.1686,20.17055148,5.38352019,15.9871791,18.44596933,21.18513022,24.62219219,34.95354866,45.51686647,56.08421839,66.65157031
236,-4.19661,55.85696,7.197712238,1.921069396,5.70490672,6.582307841,7.559757163,8.786247329,12.47291554,16.24235744,20.01323888,23.78412032
239,-4.9367,57.15399,6.795132174,1.813620777,5.385821761,6.214148373,7.136927322,8.294817845,11.77528454,15.33389526,18.89386501,22.45383476
242,-2.08199,53.04094,10.48142466,2.797492242,8.307577187,9.585262854,11.00864032,12.79467509,18.1632608,23.65238289,29.14360127,34.63481965
245,-3.229666667,55.01642778,6.934855988,1.850913063,5.496566856,6.341925801,7.283679245,8.465378705,12.01741194,15.64919602,19.28236708,22.91553813
248,-3.0448,56.4738,6.773148283,1.807753277,5.368397329,6.194044105,7.113837642,8.267982109,11.73718866,15.28428642,18.8327388,22.38119119
251,-4.23901,55.85503,13.28439152,3.545604098,10.52920872,12.14857605,13.95259642,16.21625673,23.02052207,29.97755791,36.93725063,43.89694335
254,-2.48809,50.62369,29.2757672,7.813702265,23.20397308,26.7726891,30.74833829,35.73692902,50.73197698,66.06369626,81.40127069,96.73884512
257,-0.32297,51.34417,19.75762529,5.273310191,15.65989381,18.06834833,20.75143385,24.1181332,34.23798887,44.58505724,54.93607713,65.28709702
260,-1.38885,53.22458,13.66444251,3.647039706,10.83043713,12.49613268,14.35176397,16.68018497,23.67911243,30.83518097,37.9939824,45.15278383
263,-3.300438889,51.63585833,19.9187862,5.316324037,15.78762994,18.21572998,20.92070115,24.31486232,34.51726461,44.94873294,55.38418503,65.81963712
266,-0.0958,51.53069,10.76622686,2.873505949,8.53331141,9.845714464,11.30776807,13.14233313,18.65679453,24.29506753,29.93549379,35.57592004
269,-4.922,56.2771,7.658162008,2.04396344,6.069859208,7.003389157,8.043367557,9.348318364,13.27082894,17.28140839,21.29351946,25.30563054
272,-2.0986,57.1402,7.163280208,1.911879488,5.677615893,6.55081975,7.523593203,8.74421615,12.41324827,16.16465812,19.91750062,23.67034312
275,-3.77815,56.71695,14.96604206,3.994436625,11.86208493,13.68644546,15.71883397,18.26904754,25.93465428,33.77237051,41.61307994,49.45378937
278,-4.1479,55.82231,9.79445458,2.614139927,7.7630847,8.957028713,10.28711565,11.95609071,16.97281034,22.1021662,27.23348096,32.36479571
281,-4.26,55.835,62.44325676,16.66610523,49.4925253,57.1043583,65.58415257,76.22448352,108.2079196,140.9094532,173.6234754,206.3374976
284,-4.25,55.8677,53.83192506,14.3677408,42.6671838,49.22929547,56.53967089,65.71263092,93.28534294,121.4771221,149.6796676,177.8822132
287,-3.8697,55.6162,9.612117729,2.565474222,7.618564512,8.790281663,10.09560725,11.73351211,16.65683881,21.69070487,26.72649334,31.76228182
290,-4.01344,55.85142,9.31096991,2.485097869,7.37987475,8.514881982,9.779311696,11.36590097,16.13497976,21.0111347,25.88915183,30.76716897
293,-2.967,55.9666,74.45066675,19.87088295,59.00959846,68.08513474,78.19553528,90.8819289,129.0155604,168.0053746,207.0100789,246.0147832
296,-2.967,55.9666,0,0,0,0,0,0,0,0,0,0
299,-4.457705556,57.28102778,6.517707012,1.739576001,5.165934577,5.960443062,6.845547674,7.956164949,11.29453448,14.70785764,18.12248435,21.53711105
302,-3.893836111,58.50283611,23.28026767,6.213503441,18.45194015,21.28980478,24.45126513,28.41822274,40.34237584,52.53425202,64.73078425,76.92731649
305,-3.077744444,53.23051944,18.26528835,4.875005461,14.47706755,16.7036062,19.18403236,22.29643749,31.65191819,41.2174497,50.78663426,60.35581883
308,-4.7692,57.6344,26.7605301,7.142385484,21.21039616,24.47250478,28.10658477,32.66657909,46.37332261,60.38781223,74.40765395,88.42749567
311,-3.273,56.5381,7.392800907,1.973138562,5.859533999,6.76071643,7.764658793,9.024392068,12.81098469,16.68259453,20.55568292,24.42877132
314,-1.46313,52.45479,32.78972523,8.751577664,25.98913622,29.98620372,34.43904841,40.02641759,56.82131485,73.99329396,91.17183101,108.3503681
317,-1.19059,51.711176,18.53373096,4.946652793,14.68983516,16.94909696,19.46597763,22.62412538,32.11710238,41.82321729,51.53303894,61.24286059
320,-4.4311,55.4469,4.798669767,1.280764961,3.803425657,4.388383502,5.040042856,5.857736185,8.31561484,10.8286782,13.34270129,15.85672438
323,-4.4311,55.4469,0,0,0,0,0,0,0,0,0,0
326,-2.153,57.1311,4.703779942,1.255438866,3.728215982,4.301606757,4.940380073,5.741904175,8.151180261,10.61454982,13.07886013,15.54317044
330,-0.415399,53.800702,51.94258005,13.86347462,41.16968895,47.50148946,54.55529183,63.40630747,90.01129698,117.2136262,144.4263438,171.6390615
333,-4.3643,55.8211,2.111931687,0.563674567,1.673917055,1.931361528,2.218161851,2.578035011,3.659766421,4.765785046,5.872226057,6.978667068
336,-5.458544444,55.69688611,14.02449147,3.743136773,11.11581194,12.82539745,14.72992339,17.11969674,24.30304127,31.64766745,38.99509853,46.34252961
339,-5.458544444,55.69688611,0,0,0,0,0,0,0,0,0,0
342,-2.5394,55.9152,53.61432313,14.30966284,42.49471251,49.0302985,56.31112358,65.44700424,92.90826055,120.9860816,149.0746255,177.1631693
345,-2.5394,55.9152,0,0,0,0,0,0,0,0,0,0
348,-4.7026,57.4255,4.488840616,1.19807156,3.557855072,4.105044743,4.714629299,5.47952774,7.778711903,10.12951773,12.48122133,14.83292493
351,-3.98,55.95,27.57016442,7.358476884,21.85211232,25.21291536,28.95694369,33.65489971,47.77633792,62.21483303,76.65884217,91.10285131
354,-3.035,56.3142,23.10123975,6.165720888,18.31004262,21.12608375,24.26323211,28.19968336,40.03213836,52.13025761,64.23299711,76.33573662
357,-3.3087,55.9022,7.180391187,1.916446408,5.691178054,6.56646774,7.541564863,8.765103521,12.44289989,16.20327075,19.96507769,23.72688464
360,-3.3087,55.9022,0,0,0,0,0,0,0,0,0,0
363,-3.4198,57.5565,8.688783677,2.319036364,6.886729943,7.945892673,9.125829496,10.60639824,15.05679323,19.60710925,24.15916302,28.71121678
366,-4.20339,55.83535,13.57367787,3.622814625,10.75849708,12.41312842,14.25643387,16.56938858,23.52182639,30.63036149,37.74161133,44.85286117
369,-4.20339,55.83535,0,0,0,0,0,0,0,0,0,0
372,-4.8388,57.405,9.945793861,2.654532381,7.883036214,9.095428486,10.44606729,12.14083057,17.23506618,22.44367843,27.65427983,32.86488123
375,-3.889583333,56.03883056,27.47251164,7.332413356,21.77471272,25.12361189,28.85437897,33.53569496,47.60711542,61.99446976,76.38731861,90.78016746
378,-3.889583333,56.03883056,0,0,0,0,0,0,0,0,0,0
381,-4.203794444,55.37269167,11.84979059,3.162709107,9.392144018,10.83663349,12.44583505,14.46503937,20.53450211,26.74023744,32.94834272,39.15644801
384,-4.7063,55.9148,16.67858671,4.451514792,13.21944782,15.25256754,17.51751962,20.35955079,28.90232291,37.63689877,46.37481034,55.11272192
387,-4.7063,55.9148,0,0,0,0,0,0,0,0,0,0
390,-3.7792,56.1373,8.284130006,2.211034299,6.566001443,7.57583689,8.700821745,10.1124375,14.35556889,18.69396777,23.03402348,27.37407919
393,-3.209,55.94717,11.68573893,3.118923719,9.262116672,10.68660825,12.27353159,14.26478151,20.25021698,26.37003846,32.49219708,38.6143557
396,-3.097,57.379,8.498556112,2.268264626,6.735955574,7.771929565,8.926033485,10.37418745,14.72714789,19.17784172,23.63023527,28.08262882
399,-3.7535,58.57589,37.22105357,9.934299199,29.50140706,34.03865349,39.09327257,45.4357401,64.50036374,83.99302949,103.4931395,122.9932494
402,-3.7535,58.57589,0,0,0,0,0,0,0,0,0,0
406,-1.65459,52.77259,15.58756082,4.160319982,12.3547007,14.25482437,16.37161513,19.02773549,27.01168414,35.17488974,43.34121285,51.50753597
410,-0.99338,53.73516,19.17204614,5.117019115,15.19576377,17.53283619,20.13640006,23.40331672,33.22323876,43.26363932,53.30787429,63.35210926
413,-3.5876,55.906453,16.16761393,4.315136158,12.8144508,14.78528294,16.98084491,19.73580633,28.01685818,36.4838376,44.95405054,53.42426347
416,-4.3489,55.9157,4.740198191,1.265158897,3.757081086,4.334911246,4.97863016,5.786359932,8.214289445,10.69673124,13.18012107,15.6635109
419,-3.4298,58.2529,15.38538905,4.106360338,12.19445936,14.06993829,16.15927412,18.78094442,26.66134069,34.71866894,42.77907426,50.83947959
422,-2.95,56.4617,10.54382427,2.814146699,8.35703512,9.642327299,11.07417864,12.87084629,18.27139308,23.79319386,29.31710339,34.84101293
425,-6.531,57.4279,6.931992511,1.850148801,5.494297264,6.339307152,7.280671735,8.461883258,12.01244982,15.6427343,19.27440518,22.90607605
428,-3.583,55.0619,34.71362329,9.265066057,27.51401782,31.7456085,36.45971854,42.37491995,60.1552378,78.33476232,96.52122957,114.7076968
431,-2.5727,55.97658,35.4059263,9.44984173,28.06273719,32.3787196,37.18684439,43.22001424,61.35492969,79.89701329,98.44617808,116.9953429
434,-2.841447222,55.80473889,24.24897758,6.472052116,19.21973963,22.17569,25.46870115,29.60072693,42.02105325,54.72024281,67.42428216,80.12832152
437,-3.4489,56.08953,7.290581217,1.945856127,5.778514673,6.667236523,7.657297453,8.899612492,12.63384819,16.45192558,20.27146107,24.09099657
440,0.94787,50.91538,46.46749538,12.40217452,36.83013684,42.49452453,48.8048104,56.72287162,80.52352275,104.8585501,129.2028709,153.5471917
443,-4.3385,55.3442,19.72692304,5.265115759,15.6355592,18.04027112,20.71918727,24.08065495,34.18478493,44.51577453,54.85070951,65.18564448
446,-4.332819444,57.27048889,5.6973226,1.520615402,4.515697893,5.210201517,5.983897926,6.954721697,9.872890333,12.85657818,15.84140549,18.8262328
449,-4.94,55.9746,12.66172153,3.379413477,10.03568049,11.57914434,13.29860612,15.45616347,21.94149724,28.57244081,35.20591672,41.83939263
452,-2.19,57.2159,9.141224905,2.439792927,7.24533486,8.359650176,9.601028518,11.15869324,15.84082864,20.62808812,25.41717585,30.20626358
455,-0.29627,51.50171,7.153715188,1.909326584,5.670034658,6.54207254,7.513547062,8.73254013,12.39667305,16.14307369,19.89090508,23.63873647
458,-0.30207,52.21519,12.25643348,3.271242096,9.714449178,11.20850842,12.87293209,14.96142835,21.23917358,27.65786779,34.0790133,40.5001588
461,-4.174033333,55.11226389,4.193484968,1.119241138,3.323756186,3.834942003,4.404417262,5.118987101,7.266890102,9.463018179,11.65998495,13.85695173
464,-2.3277,55.6681,44.40924783,11.85282825,35.19876983,40.61225714,46.64303299,54.21036882,76.95678556,100.2139086,123.4799136,146.7459185
467,-2.3277,55.6681,0,0,0,0,0,0,0,0,0,0
470,-0.90636,51.92653,19.86719007,5.30255303,15.74673485,18.16854532,20.86650973,24.25187892,34.42785367,44.83230111,55.24072199,65.64914287
473,-6.413,57.4723,7.069063023,1.886732921,5.602939352,6.464658134,7.424636893,8.629205232,12.24997931,15.95204762,19.65552973,23.35901185
476,-4.073,55.87858,10.72379757,2.862181572,8.499681957,9.806912881,11.26320459,13.0905397,18.58326882,24.19932161,29.81751915,35.4357167
479,-4.1916,55.7849,13.76850327,3.674813522,10.91291569,12.59129624,14.46105898,16.80721194,23.85943931,31.07000447,38.28332334,45.4966422
482,-4.1611,55.7395,7.135959595,1.904587616,5.655961575,6.525835049,7.494898362,8.710865877,12.36590438,16.10300642,19.84153565,23.58006489
485,-4.4629,55.8395,9.085555362,2.424934726,7.20121118,8.308740379,9.542558797,11.09073743,15.74435889,20.50246423,25.26238668,30.02230914
488,-3.321172222,57.66490833,16.92836547,4.518180744,13.41742247,15.48099022,17.77986225,20.66445573,29.33516452,38.20054952,47.06932019,55.93809086
491,-1.823393,53.694321,10.94681747,2.921705584,8.67644753,10.01086458,11.49744239,13.36278009,18.96974,24.70258831,30.43762599,36.17266366
494,-0.343537,51.660537,10.29094646,2.746653611,8.156604167,9.411070541,10.80858107,12.56215835,17.83318113,23.22254979,28.61397664,34.00540349
498,-0.343537,51.660537,0,0,0,0,0,0,0,0,0,0
501,-3.6723,55.437,20.04077071,5.348881703,15.88431487,18.32728482,21.04882148,24.46376881,34.72865157,45.22400319,55.72336296,66.22272274
504,-1.21898,52.59645,11.82547284,3.156218702,9.372869774,10.81439491,12.42029413,14.4353547,20.49236189,26.68536202,32.88072724,39.07609246
507,-4.0073,56.706,16.71494586,4.461219049,13.24826609,15.28581799,17.55570763,20.40393441,28.96532967,37.71894682,46.47590695,55.23286709
510,-4.481,55.9036,8.82864484,2.356365308,6.9975839,8.073795706,9.272725675,10.77712676,15.29915864,19.92271995,24.54804698,29.17337401
513,-3.125219444,55.15855278,19.06537447,5.088548447,15.11121581,17.43528496,20.02436281,23.27310262,33.03838742,43.02292404,53.01127372,62.99962341
516,-3.40333,50.76802,26.11546957,6.970218829,20.69912118,23.88259692,27.42907769,31.87915371,45.25549722,58.93216864,72.61406315,86.29595766
519,-4.160388889,57.33611667,5.164158984,1.378314033,4.093112411,4.722623391,5.423916181,6.303888872,8.948971104,11.65344116,14.35894406,17.06444695
522,-2.666025,55.82499167,20.88599205,5.574471279,16.5542373,19.10023973,21.93655745,25.4955305,36.19333563,47.13132967,58.0735009,69.01567214
525,-4.457705556,57.28102778,11.24064116,3.000127127,8.909332187,10.27956635,11.80604542,13.72145067,19.47890707,25.36563085,31.25460276,37.14357467
528,-4.7894,57.3228,30.21349437,8.063981648,23.94721564,27.6302406,31.73323314,36.88161258,52.3569644,68.1797714,84.0086211,99.8374708
531,-4.7145,57.1366,18.08690598,4.827395207,14.33568168,16.54047552,18.99667735,22.07868613,31.34279938,40.81491204,50.29064209,59.76637213
534,-4.7145,57.1366,0,0,0,0,0,0,0,0,0,0
537,-4.7145,57.1366,0,0,0,0,0,0,0,0,0,0
540,-1.33271,50.82193,25.50381334,6.806967779,20.21432245,23.32323729,26.78665515,31.13250494,44.19555813,57.55190517,70.91335298,84.27480078
543,-1.97212,52.25257,31.47268001,8.400058294,24.94524617,28.78176587,33.05575581,38.41870048,54.53900718,71.0212497,87.50978676,103.9983238
547,-1.97212,52.25257,0,0,0,0,0,0,0,0,0,0
550,-5.181380556,56.36945556,9.336964612,2.492035855,7.400478152,8.538654138,9.806613932,11.3976327,16.18002598,21.06979434,25.9614301,30.85306586
554,-1.27258,53.7201,16.30605798,4.352086875,12.92418156,14.91189002,17.1262527,19.90480498,28.25676788,36.79625044,45.33899422,53.881738
557,-1.27258,53.7201,0,0,0,0,0,0,0,0,0,0
560,-2.273,56.96094444,23.87901467,6.373309016,18.92650703,21.83735892,25.08012911,29.14911321,41.37994453,53.88538451,66.3956003,78.90581608
563,-2.273,56.96094444,0,0,0,0,0,0,0,0,0,0
566,-2.292,56.921,5.870185884,1.566752612,4.652709331,5.368284991,6.165456234,7.165735908,10.17244512,13.24666147,16.32205185,19.39744223
569,-2.68833,53.37157,10.18384439,2.718068069,8.071715066,9.313125698,10.69609177,12.43141885,17.64758395,22.98086326,28.31617934,33.65149541
572,-4.329588889,56.47699167,6.050487737,1.614875177,4.79561658,5.533171035,6.35482727,7.38583038,10.4848902,13.65353063,16.82338115,19.99323168
575,-4.278133333,55.86244444,12.28232892,3.27815359,9.734973905,11.2321898,12.90013007,14.99303892,21.28404779,27.71630345,34.15101557,40.5857277
578,-0.87978,51.25048,23.34615168,6.231087884,18.50415982,21.35005571,24.52046311,28.49864736,40.45654625,52.68292588,64.91397475,77.14502361
582,-2.16339,55.01232,10.47799625,2.7965772,8.30485983,9.582127573,11.00503946,12.79049003,18.15731971,23.64464634,29.13406858,34.62349082
585,-2.02397,57.68622,14.58898696,3.89380062,11.56323107,13.34162858,15.322813,17.80877638,25.2812555,32.92150798,40.56467824,48.20784851
588,-2.716069,53.309609,22.18698955,5.92170751,17.58540791,20.29000194,23.30299512,27.08365814,38.44783418,50.06716061,61.69092443,73.31468826
593,-2.716069,53.309609,0,0,0,0,0,0,0,0,0,0
596,-5.078256,56.82061,12.23704323,3.266066839,9.699080468,11.19077604,12.85256651,14.93775868,21.20557222,27.61411176,34.02509871,40.43608566
599,-4.3024,57.6994,6.168273235,1.646312127,4.888973366,5.640885874,6.478537379,7.529611138,10.68900069,13.91932538,17.15088373,20.38244208
602,-2.769525,55.60803611,7.057985945,1.883776449,5.59415966,6.454528146,7.413002638,8.615683443,12.23078384,15.92705108,19.62472992,23.32240876
605,-3.950083333,55.53543333,20.71304418,5.528311493,16.41715882,18.94207891,21.75491031,25.28441304,35.89363427,46.74105551,57.59261935,68.4441832
608,-4.2977,55.798,8.808408825,2.350964315,6.981544835,8.055289871,9.251471789,10.75242465,15.26409165,19.87705535,24.49178074,29.10650612
611,-4.556,57.093,5.394607178,1.439820656,4.275765649,4.933368264,5.665955919,6.585196982,9.348314778,12.17347056,14.99970526,17.82593996
614,-4.7159,57.201,6.149681615,1.641350023,4.874237648,5.623883837,6.4590106,7.506916347,10.65678327,13.87737153,17.09918973,20.32100793
617,-3.31586,57.42781,4.810220473,1.283847844,3.812580747,4.398946622,5.052174562,5.871836131,8.335631057,10.85474352,13.37481802,15.89489253
620,-4.0138,55.3372,33.24851218,8.8740279,26.35277075,30.40576439,34.92091234,40.58645882,57.61634675,75.02859258,92.44748811,109.8663836
623,-4.181,55.0972,5.471068378,1.46022815,4.336368796,5.003292031,5.746263117,6.678533169,9.480814392,12.3460129,15.21230562,18.07859835
626,-4.798,54.8766,50.19002544,13.39571779,39.78061416,45.89877826,52.71458372,61.26696405,86.97429508,113.2588114,139.5533657,165.8479201
629,-3.2671,56.1084,11.71300724,3.126201633,9.283729541,10.71154512,12.30217151,14.29806794,20.29747025,26.43157215,32.56801664,38.70446113
632,-3.200938,56.206874,13.74328526,3.668082835,10.89292789,12.56823437,14.4345725,16.77642831,23.81573902,31.01309751,38.21320465,45.4133118
635,-3.2348,55.935,6.970867332,1.860524491,5.525109448,6.374858176,7.321501959,8.509337753,12.079816,15.73045922,19.38249662,23.03453401
638,-3.915,58.227,11.18202525,2.984482539,8.862873213,10.22596209,11.74448112,13.64989822,19.37733156,25.23335818,31.09162121,36.94988424
641,-4.3142,55.8535,4.830249389,1.289193562,3.828455666,4.417263067,5.073210934,5.89628543,8.370339167,10.89994077,13.43050843,15.96107608
644,0.716257,51.445622,24.50345347,6.539971732,19.42143722,22.4084082,25.73597718,29.91136566,42.46203452,55.29449311,68.13185238,80.96921166
647,-0.7287,52.24304,14.15332051,3.777521244,11.21792184,12.94321161,14.86523253,17.27695835,24.52628911,31.93838306,39.35330768,46.76823229
650,-3.775519444,56.56349444,6.035668203,1.610919843,4.783870618,5.519618571,6.339262313,7.367740175,10.45920943,13.62008887,16.78217544,19.94426201
653,-0.1518,53.56602,33.29233492,8.885724191,26.38750466,30.44584029,34.96693937,40.63995324,57.69228719,75.12748299,92.56933726,110.0111915
656,-3.68419,56.0104,0,0,0,0,0,0,0,0,0,0
659,-3.050583333,55.03195278,13.69522721,3.655256141,10.85483708,12.52428528,14.38409714,16.71776385,23.73245923,30.90464971,38.07957925,45.25450878
662,-4.8299,57.6145,35.64758582,9.514340654,28.25427652,32.59971723,37.44065938,43.51500801,61.77370146,80.44234215,99.11811236,117.7938826
665,-0.04317,51.559444,13.25725879,3.538362371,10.50770332,12.12376316,13.92409891,16.1831358,22.97350375,29.91633018,36.86180806,43.80728594
669,-0.04317,51.559444,0,0,0,0,0,0,0,0,0,0
672,-4.693,55.2146,3.10E-09,8.26E-10,2.45E-09,2.83E-09,3.25E-09,3.78E-09,5.36E-09,6.99E-09,8.61E-09,1.02E-08
675,-4.2946,55.8287,5.529567358,1.475841528,4.382735088,5.056789349,5.807704596,6.749942874,9.582187275,12.4780217,15.37496204,18.27190238
679,-1.71398,52.53002,21.14535006,5.643693932,16.75980446,19.33742263,22.20896117,25.81212882,36.64277712,47.71659695,58.79464585,69.87269475
682,-3.658166667,55.17809167,59.9118237,15.99046574,47.48611146,54.78936277,62.92538843,73.13436319,103.8211993,135.1970214,166.5848258,197.9726302
685,-2.96329,54.94098,16.00936824,4.272900384,12.68902527,14.64056726,16.81463947,19.54263581,27.74263423,36.12674038,44.5140484,52.90135642
688,-2.96329,54.94098,0,0,0,0,0,0,0,0,0,0
691,-1.29181,54.70032,13.86984538,3.701861733,10.99323945,12.6839736,14.56749861,16.93092026,24.03505506,31.29869309,38.56510509,45.83151708
694,-2.80145,55.43316389,5.39967392,1.441172969,4.279781549,4.9380018,5.671277518,6.591381954,9.357094936,12.18490417,15.01379333,17.8426825
697,-1.40144,54.80584,36.72446403,9.801759449,29.10781019,33.58452235,38.57170457,44.82955324,63.63982371,82.87242553,102.1123722,121.3523189
700,-1.40144,54.80584,0,0,0,0,0,0,0,0,0,0
703,-4.701,56.0199,9.741915156,2.600117155,7.721441952,8.90898141,10.23193349,11.89195583,16.88176477,21.98360574,27.08739509,32.19118444
706,-2.89003,54.03179,21.71759728,5.796426714,17.2133676,19.86074271,22.80999242,26.510671,37.63442433,49.00793002,60.38577924,71.76362845
709,-0.114122222,51.56123611,6.580877312,1.756436155,5.216003358,6.018212302,6.911895441,8.033276935,11.40400229,14.85040774,18.29812937,21.74585099
712,-0.79259,53.22812,27.37178547,7.305529543,21.69487717,25.03149782,28.74858628,33.41273853,47.43256705,61.7671711,76.10724951,90.44732792
715,-3.13222,51.20592,24.25301707,6.473130256,19.22294133,22.17938411,25.47294383,29.60565794,42.02805328,54.72935832,67.43551397,80.14166961
718,-4.890380556,55.71974167,27.28291656,7.281810431,21.62443967,24.9502272,28.65524727,33.30425625,47.27856611,61.56662952,75.86014951,90.1536695
721,-0.22901,53.63371,14.34610101,3.82897436,11.37071966,13.11950937,15.06770989,17.5122855,24.86035844,32.37341154,39.88933386,47.40525618
724,-4.8635,55.7432,16.29280436,4.348549484,12.91367674,14.89976959,17.11233242,19.88862628,28.23380068,36.76634232,45.30214253,53.83794273
727,-4.8854,55.7214,30.25882695,8.076080914,23.98314624,27.67169725,31.78084595,36.93695006,52.43552123,68.2820689,84.13466835,99.98726779
730,0.154817,51.432936,14.67741407,3.917401815,11.63331839,13.42249517,15.415688,17.91671936,25.43449084,33.12105259,40.81054982,48.50004705
734,-2.67142,54.29744,17.83031296,4.758910529,14.13230605,16.3058212,18.7271777,21.76546303,30.89814933,40.23588422,49.57718518,58.91848614
737,-3.030982,51.54787,6.242406507,1.666098297,4.947731397,5.70868075,6.556399554,7.620105623,10.81746624,14.08661452,17.35701129,20.62740806
740,-4.899538,50.395883,81.13410697,21.65469315,64.30689318,74.19714082,85.21515255,99.04040437,140.597294,183.0872258,225.5933844,268.0995431
743,-4.7694,57.0717,2.240026809,0.597863155,1.775445249,2.048504517,2.352700158,2.734400726,3.881742458,5.054844498,6.228394543,7.401944589
746,-3.38952,56.04215,11.99258272,3.200820328,9.505321064,10.9672169,12.59580963,14.63934573,20.7819466,27.06246217,33.34537625,39.62829034
749,-4.200711111,57.44839722,3.453945191,0.921857971,2.737596958,3.158632877,3.627678634,4.216230895,5.985341622,7.794172718,9.603694604,11.41321649
752,-4.724680556,56.32387778,0,0,0,0,0,0,0,0,0,0
755,-2.48042,51.57009,13.9102321,3.712640947,11.02524996,12.72090725,14.60991677,16.98022032,24.1050412,31.38982975,38.67740035,45.96497094
758,-2.5097,52.63305833,17.71860967,4.729096921,14.04377002,16.20366854,18.60985574,21.62910682,30.7045787,39.98381458,49.26659419,58.5493738
762,-0.497217,51.542852,16.26994771,4.342449045,12.89556056,14.87886718,17.08832608,19.86072517,28.19419239,36.71476401,45.23858962,53.76241523
765,-0.497217,51.542852,0,0,0,0,0,0,0,0,0,0
768,-4.5041,55.8443,13.12897271,3.504122815,10.40602377,12.00644554,13.78936003,16.02653698,22.7511968,29.62683981,36.50510861,43.38337741
771,-1.457899,53.329656,4.642270905,1.239022104,3.679463919,4.245356742,4.875777131,5.666820093,8.044591251,10.47574852,12.90783425,15.33991998
774,-3.1634,55.8905,2.750875466,0.734208662,2.180343895,2.515675614,2.889244502,3.357993682,4.766992096,6.207625578,7.648809235,9.089992891
777,-0.75792,53.59722,35.76121758,9.544668973,28.34434106,32.70363348,37.56000683,43.6537183,61.97061395,80.69876359,99.43406549,118.1693674
781,-2.358225,53.53814,14.28855514,3.813615368,11.32510881,13.06688368,15.00726947,17.44203927,24.76063721,32.24355354,39.72932758,47.21510162
784,-2.358225,53.53814,0,0,0,0,0,0,0,0,0,0
787,-2.938605556,57.54029722,25.66905972,6.851072039,20.34529673,23.47435511,26.96021342,31.3342212,44.48191359,57.92480016,71.37282055,84.82084094
790,-2.938605556,57.54029722,0,0,0,0,0,0,0,0,0,0
793,0.73969,51.3691,36.22026787,9.667189495,28.70818432,33.12343497,38.04214735,44.21408099,62.7661022,81.73465648,100.7104548,119.6862532
796,-4.1805,55.1608,4.115344611,1.098385477,3.261822139,3.763482647,4.322346445,5.023601167,7.131480677,9.28668665,11.44271569,13.59874473
799,-2.84747,53.47003,6.610159769,1.764251642,5.239212633,6.044991109,6.942650806,8.06902203,11.45474586,14.91648654,18.37954924,21.84261194
802,-4.3099,55.9033,5.28732472,1.411186968,4.190733573,4.835258457,5.553277154,6.454237286,9.162405007,11.93137696,14.70140638,17.47143581
805,-4.3245,56.4754,9.373971536,2.501913003,7.429809839,8.57249697,9.845482304,11.44280705,16.24415527,21.15330417,26.06432786,30.97535154
809,-4.4121,55.9047,7.96261015,2.125220649,6.311164805,7.281806982,8.363129441,9.71995821,13.79840713,17.96842607,22.14003752,26.31164898
812,-4.768913889,55.04847778,53.34919166,14.23889925,42.28456931,48.78783578,56.032656,65.12335826,92.44881423,120.3877859,148.3374274,176.2870689
815,-4.95435,56.714672,8.319543623,2.220486193,6.594070275,7.608222643,8.738016667,10.1556669,14.41693714,18.77388214,23.13249104,27.49109995
819,-4.456,55.5796,20.05794132,5.353464537,15.89792429,18.34298733,21.06685576,24.48472896,34.75840651,45.26275037,55.77110583,66.27946128
822,-4.456,55.5796,0,0,0,0,0,0,0,0,0,0
825,-4.487,55.5931,10.71587054,2.860065846,8.493398986,9.799663604,11.25487882,13.08086316,18.56953205,24.18143345,29.79547802,35.4095226
828,-4.6781,55.664,6.307651786,1.683512262,4.999444805,5.768347558,6.62492667,7.699750535,10.93052978,14.23384702,17.53842579,20.84300456
831,0.59879,51.41818,16.86577176,4.501474482,13.36781069,15.42374827,17.71412008,20.58804758,29.22669588,38.05930054,46.89527837,55.73125619
834,-2.380830556,57.21882222,13.02631306,3.476722957,10.32465573,11.9125633,13.68153661,15.90122036,22.57329791,29.39517806,36.21966347,43.04414889
837,-2.380830556,57.21882222,0,0,0,0,0,0,0,0,0,0
840,-4.513,57.46259,4.758708338,1.270099255,3.771752228,4.351838775,4.998071367,5.808955268,8.246365678,10.73850123,13.23158853,15.72467583
843,-1.59684,53.80583,23.31200691,6.221974644,18.47709668,21.31883032,24.48460086,28.45696683,40.39737677,52.60587479,64.81903521,77.03219563
846,-2.013277,52.431688,18.13538421,4.840334044,14.37410552,16.58480886,19.04759403,22.1378635,31.42680729,40.924308,50.42543578,59.92656357
849,-1.486459,54.034771,27.27424192,7.279495168,21.61756414,24.94229423,28.64613629,33.29366711,47.26353382,61.54705431,75.83602965,90.12500499
852,-4.2462,57.4236,2.504226068,0.668377938,1.984849582,2.290114739,2.630188639,3.056908761,4.339573353,5.651036545,6.963000582,8.274964619
855,-4.08775,55.63869444,19.65136103,5.244948258,15.57566875,17.97116966,20.63982449,23.9884164,34.05384352,44.34526129,54.64060933,64.93595737
858,-1.132965,54.565917,40.99260486,10.94092624,32.49073861,37.48773715,43.05453289,50.03967275,71.03608496,92.50391213,113.9799378,135.4559635
861,-1.132965,54.565917,0,0,0,0,0,0,0,0,0,0
864,-4.395,58.0081,2.838898457,0.757701998,2.250110917,2.596172639,2.981695049,3.465443346,4.919527136,6.406258258,7.893557159,9.380856061
867,-0.470513,51.423919,15.06696126,4.021371961,11.9420735,13.77873608,15.82482941,18.39223961,26.10953717,34.00010479,41.89368579,49.7872668
870,-4.2421,50.44432,55.75632665,14.88136358,44.1924645,50.98916072,58.56086988,68.06174794,96.62013845,125.8197267,155.0304663,184.2412058
873,-3.05219,53.02752,30.18596914,8.056635163,23.92539914,27.60506878,31.70432339,36.84801253,52.30926592,68.11765796,83.93208719,99.74651642
876,1.6079,52.2075,48.70913348,13.00046773,38.60685919,44.54450257,51.15920289,59.45923924,84.4080574,109.9170306,135.4357456,160.9544607
879,-2.9972,56.2078,18.33694784,4.894131377,14.53386485,16.7691388,19.25929631,22.38391222,31.7760969,41.37915649,50.98588346,60.59261043
882,-3.5019,55.905,17.82831692,4.758377786,14.13072399,16.30399583,18.72508126,21.76302647,30.89469039,40.23137997,49.5716352,58.91189044
885,-3.8263,55.6713,20.52813769,5.478959948,16.27060193,18.77298191,21.56070301,25.05869767,35.5732098,46.3237955,57.07848683,67.83317817
888,-2.92394,53.418938,12.90037182,3.443109239,10.2248347,11.79739003,13.54926052,15.74748388,22.35505433,29.11097905,35.86948384,42.62798864
892,0.23863,51.46518,14.08676114,3.759756548,11.16516688,12.88234306,14.79532522,17.19570932,24.41094838,31.78818519,39.16823935,46.54829351
895,-4.2751,57.9495,13.63821919,3.640040702,10.80965253,12.47215145,14.32422162,16.64817417,23.63367004,30.77600543,37.92106846,45.0661315
898,-4.3595,56.4826,7.075762841,1.888521102,5.608249628,6.470785118,7.431673712,8.6373837,12.26158943,15.96716643,19.67415858,23.38115073
901,-1.04115,50.91702,29.08869481,7.763772644,23.0556995,26.6016114,30.55185616,35.50856975,50.40779923,65.6415487,80.88111591,96.12068312
904,-4.689219,57.57551389,20.20707486,5.393268281,16.01612754,18.47936996,21.22349073,24.66677629,35.01684003,45.59928514,56.18577166,66.77225818
907,-2.865,56.6544,22.58700275,6.028471035,17.90245838,20.65581402,23.72312899,27.57195426,39.14101707,50.96983041,62.80316116,74.6364919
910,-3.017,56.481063,6.046656393,1.613852591,4.792579857,5.529667271,6.35080321,7.381153459,10.47825086,13.64488482,16.8127281,19.98057138
913,-2.12055,53.26858,21.45541151,5.726449332,17.00555916,19.62097382,22.53461871,26.19062083,37.1800826,48.41628161,59.6567717,70.89726179
916,-2.12055,53.26858,0,0,0,0,0,0,0,0,0,0
919,-2.491,57.6594,19.48613205,5.200848645,15.44470827,17.82006776,20.4662845,23.7867214,33.76751824,43.97240559,54.18119018,64.38997476
922,-3.75412,51.56326,24.80321692,6.619978595,19.65902973,22.68254187,26.05081873,30.27728689,42.9814946,55.9709393,68.96534464,81.95974998
926,-4.7672,55.137372,9.187111165,2.45203997,7.281704309,8.401613161,9.649222857,11.2147066,15.92034494,20.73163506,25.54476259,30.35789013
929,-1.89484,50.84717,22.58365931,6.027578669,17.89980837,20.65275644,23.71961737,27.56787292,39.13522322,50.9622856,62.79386471,74.62544382
932,-4.685316667,55.34214722,23.34993095,6.232096571,18.50715527,21.35351185,24.52443248,28.50326071,40.46309534,52.69145418,64.92448301,77.15751183
935,-4.533816667,57.0323389,11.69982468,3.122683208,9.273281045,10.69948967,12.28832587,14.28197599,20.2746262,26.40182438,32.53136253,38.66090069
939,-2.14943,51.39294,24.56690096,6.556905867,19.4717257,22.46643093,25.80261608,29.98881601,42.57198268,55.43766871,68.30826813,81.17886754
942,-3.808797,55.51610278,14.86269911,3.966854392,11.78017531,13.59193833,15.61029287,18.1428968,25.75557128,33.53916681,41.32573487,49.11230293
945,-2.917,56.4686,12.19704694,3.255391829,9.667379407,11.15419943,12.8105584,14.8889352,21.13626265,27.52385613,33.91388903,40.30392192
948,-0.20891,51.61765,6.591014609,1.759141799,5.224038179,6.02748286,6.922542643,8.045651533,11.42156922,14.87328357,18.32631612,21.77934867
951,-4.832,57.134,2.396994301,0.639757779,1.899857683,2.192051289,2.517563115,2.926010944,4.153751425,5.409057341,6.664842655,7.92062797
954,-2.00284,51.60704,8.036550054,2.144955209,6.369769573,7.349425024,8.440788522,9.810216651,13.92653759,18.13527885,22.34562743,26.555976
957,-3.481558333,55.33251944,40.81768504,10.89424014,32.35209716,37.32777297,42.8708146,49.82614813,70.73296641,92.10918806,113.4935733,134.8779585
960,-3.481558333,55.33251944,0,0,0,0,0,0,0,0,0,0
963,-1.26726,53.75722,18.39527552,4.909699035,14.58009537,16.82247946,19.32055787,22.45511282,31.87717294,41.51077873,51.14806357,60.78534841
966,-3.293,56.1059,7.612072172,2.031662063,6.033328404,6.961240001,7.994959402,9.2920565,13.19095987,17.17740206,21.16536667,25.15333129
969,-3.293,56.1059,14.58610626,3.893031761,11.56094782,13.33899418,15.31978741,17.80525991,25.27626354,32.91500739,40.55666846,48.19832953
972,-3.293,56.1059,0,0,0,0,0,0,0,0,0,0
975,-4.797369444,57.62865556,25.7912916,6.883695729,20.44217773,23.58613617,27.08859357,31.48342966,44.69372922,58.20062863,71.7126863,85.22474398
978,-3.424525,58.4460195,23.78599623,6.348482393,18.85278061,21.75229355,24.98243184,29.0355656,41.21875286,53.67547909,66.13696251,78.59844594
981,-3.8445,57.574,6.368828341,1.699840284,5.047933343,5.824293518,6.689180407,7.774428756,11.03654263,14.37189804,17.7085272,21.04515637
984,-5.203,56.3348,3.405591376,0.908952338,2.699271724,3.114413313,3.576892622,4.157205392,5.901549295,7.685057499,9.46924682,11.25343614
987,-3.936,55.8213,2.918299331,0.778894091,2.31304405,2.668784738,3.065089787,3.562367993,5.05712091,6.58543427,8.114331289,9.643228309
990,-1.850622,52.507106,14.4262607,3.85036898,11.43425423,13.19281541,15.15190161,17.61013643,24.99926716,32.55429989,40.11221787,47.67013585
993,-4.216877778,55.37797222,21.26553596,5.675771547,16.8550638,19.44733263,22.33519241,25.95883974,36.85104726,47.98780844,59.12882273,70.26983701
996,-1.48769,53.40657,4.721049948,1.260048231,3.741904189,4.317400177,4.95851876,5.762985671,8.181107455,10.65352131,13.12687938,15.60023745
999,-1.48769,53.40657,0,0,0,0,0,0,0,0,0,0
1002,-4.4742,55.8078,19.54945343,5.21774912,15.49489679,17.87797516,20.53279093,23.8640178,33.87724784,44.1152966,54.35725525,64.5992139
1006,-4.4742,55.8078,0,0,0,0,0,0,0,0,0,0
1009,-4.491,54.9484,20.50851136,5.473721681,16.2550461,18.75503364,21.54008948,25.03473981,35.53919933,46.27950673,57.02391583,67.76832492
1013,-0.059781,51.484971,8.157930406,2.177351625,6.46597564,7.460427356,8.568274305,9.958385646,14.1368776,18.40918575,22.68312549,26.95706523
1016,0.329733333,51.42790556,14.91494984,3.980800114,11.82158925,13.63972163,15.66517182,18.20667928,25.84611659,33.65707582,41.47101804,49.28496027
1019,-0.410641,51.499547,13.17090565,3.515314718,10.43925982,12.04479322,13.83340221,16.07772453,22.8238624,29.72146569,36.62170316,43.52194063
1022,0.44934,50.88088,25.63271728,6.841372242,20.31649172,23.44111995,26.92204296,31.28985798,44.41893577,57.84278981,71.2717704,84.70075098
1025,-1.471621,53.348845,4.254920472,1.135638274,3.372449966,3.891124772,4.468942972,5.19398142,7.373351686,9.601653537,11.83080637,14.05995921
1028,1.27176,52.57327,80.14138631,21.38973601,63.52006279,73.28929778,84.17249804,97.82859027,138.8770083,180.8470523,222.8331246,264.8191969
1031,-1.364747222,54.59265,18.56987096,4.956298559,14.71847972,16.98214699,19.50393547,22.66824148,32.17972939,41.90477081,51.6335262,61.3622816
1034,-1.364747222,54.59265,0,0,0,0,0,0,0,0,0,0
1037,-1.48607,50.94158,23.8614008,6.368607874,18.91254628,21.82125103,25.06162926,29.12761196,41.34942145,53.84563705,66.34662493,78.84761281
1040,-2.02945,52.54205,6.449700136,1.721424966,5.112032328,5.898250775,6.774120053,7.873148957,11.17668537,14.55439333,17.93339123,21.31238913
1043,-1.45761,54.88123,15.3082714,4.085777636,12.13333591,13.99941419,16.07827745,18.68680689,26.5277035,34.54464523,42.56464862,50.584652
1046,-2.02352,52.4989,10.86997231,2.90119561,8.615540055,9.94058968,11.41673192,13.2689752,18.83657502,24.52917952,30.22395801,35.91873651
1049,-2.02352,52.4989,0,0,0,0,0,0,0,0,0,0
1053,-4.664078,57.515278,15.70700643,4.192200016,12.4493733,14.36405738,16.49706885,19.17354275,27.21867144,35.44443071,43.67333138,51.90223204
1056,-1.02412,53.95723,19.26080981,5.140710139,15.26611786,17.61401057,20.22962855,23.51167054,33.37705732,43.46394342,53.55468168,63.64541994
1059,-2.327573,53.795169,24.80470513,6.6203758,19.66020929,22.68390285,26.0523818,30.27910356,42.98407353,55.97429761,68.96948263,81.96466765
1062,-4.4107,55.8391,5.412929634,1.444710919,4.290288028,4.950124151,5.685199995,6.607563205,9.380065763,12.21481701,15.05065085,17.88648468
1065,-4.3161,55.8695,10.41467717,2.779677336,8.254673122,9.524222269,10.93853543,12.71319642,18.04759406,23.50176049,28.95800986,34.41425923
1068,-1.799480556,57.47379722,14.72673289,3.930565009,11.67240849,13.46759723,15.46748756,17.97692284,25.51995543,33.23234545,40.94768081,48.66301617
1071,-1.799480556,57.47379722,0,0,0,0,0,0,0,0,0,0
1074,-1.80598,57.50854,7.117277788,1.899601442,5.641154375,6.508750537,7.475276861,8.688060996,12.33353068,16.06084906,19.78959089,23.51833272
1077,0.11938,51.93501,12.90193932,3.443527604,10.2260771,11.79882351,13.55090687,15.74939733,22.35777065,29.11451627,35.87384228,42.63316829
1080,-4.98996,51.68226,75.04519961,20.02956378,59.48082521,68.62883505,78.81997315,91.60767517,130.0458264,169.3469974,208.6631775,247.9793576
1083,-2.2094,52.55625,20.2857848,5.414275963,16.07851303,18.5513502,21.30615978,24.76285751,35.15323648,45.77690198,56.40462464,67.03234729
1086,-2.2094,52.55625,0,0,0,0,0,0,0,0,0,0
1089,-4.158325,53.18855,39.69657521,10.59501592,31.46350551,36.30251803,41.69331295,48.45760936,68.79019519,89.57929163,110.3763274,131.1733631
1092,-2.1384,57.1741,9.108167292,2.43096985,7.219133396,8.329418989,9.566308107,11.11833981,15.7835431,20.55349031,25.32525916,30.097028
1095,-2.1384,57.1741,0,0,0,0,0,0,0,0,0,0
1098,-2.757246,53.745285,15.82152209,4.222764247,12.54013841,14.46878195,16.61734465,19.31333202,27.41711564,35.70284676,43.99174218,52.28063761
1102,-2.757246,53.745285,0,0,0,0,0,0,0,0,0,0
1105,-1.443463,53.400836,3.845303449,1.02631149,3.047787513,3.516530004,4.038722212,4.69396192,6.663526346,8.677311762,10.69186624,12.70642072
1108,-3.1225,55.9523,22.97385426,6.131721702,18.20907689,21.00958972,24.12943913,28.0441839,39.81139205,51.84279952,63.87880177,75.91480402
1111,-1.13288,53.97442,19.53850927,5.214828125,15.48622245,17.86796673,20.52129629,23.85065827,33.85828272,44.09060003,54.32682503,64.56305004
1114,-5.35,56.026,8.261420293,2.204973076,6.548001724,7.555068858,8.676969733,10.08471575,14.31621523,18.64272103,22.97087912,27.29903722
1117,-4.2538,55.8731,17.18025439,4.585409897,13.61706963,15.71134264,18.04442119,20.97193654,29.77166284,38.76896206,47.76969734,56.77043261
1120,-3.687646,51.536079,21.61455079,5.768923605,17.13169295,19.76650669,22.70176269,26.38488214,37.45585506,48.7753953,60.09925846,71.42312162
1123,-5.1196,57.0616,8.729084466,2.329792644,6.918672348,7.982747744,9.168157415,10.65559341,15.12663047,19.69805201,24.27121936,28.84438671
1126,-2.738653,53.421282,3.982758785,1.06299832,3.156734613,3.642232909,4.183091552,4.861753649,6.901722699,8.987493475,11.0740608,13.16062813
1129,-4.401205556,56.69321111,16.14052279,4.307905533,12.79297836,14.76050809,16.95239109,19.70273617,27.96991194,36.42270373,44.87872362,53.33474351
1132,-3.226676,51.808369,20.74803905,5.537651624,16.44489575,18.97408172,21.79166542,25.32713127,35.95427688,46.82002493,57.68992259,68.55982025
1136,-1.25579,52.86335,20.89235847,5.576170477,16.55928333,19.10606182,21.94324411,25.50330199,36.204368,47.14569613,58.09120274,69.03670934
1139,0.59611,51.58756,19.04658331,5.083533086,15.09632193,17.41810044,20.00462645,23.25016425,33.00582422,42.9805199,52.9590249,62.93752989
1142,0.042985,51.5886,7.279548028,1.942911369,5.769769767,6.657146672,7.645709294,8.886144278,12.61472878,16.42702808,20.24078329,24.0545385
1145,-3.148,56.1453,14.73504292,3.932782954,11.67899501,13.47519675,15.47621557,17.98706689,25.53435587,33.25109784,40.97078683,48.69047581
1148,-2.0916,57.1084,7.763383644,2.072047095,6.153257877,7.099614343,8.153881842,9.476762415,13.45316752,17.51885153,21.58608822,25.65332491
1151,1.3462,51.3094,49.79093588,13.28920079,39.46429578,45.53381086,52.29541995,60.77979543,86.28271278,112.3582259,138.4436972,164.5291685
1154,-2.216111,53.622162,28.676878,7.653858739,22.72929351,26.22500493,30.11932497,35.00586498,49.69416189,64.7122429,79.73605929,94.75987567
1157,-2.216111,53.622162,0,0,0,0,0,0,0,0,0,0
1160,-2.723429,53.315031,6.075273838,1.621490587,4.815262044,5.555837925,6.380860112,7.416086774,10.52784203,13.70946294,16.89229891,20.07513487
1163,-1.914824,52.756607,3.369895717,0.899425167,2.670979345,3.081769633,3.539401472,4.113631702,5.839692288,7.604506675,9.369995041,11.13548341
1166,0.010013,51.758668,14.51963996,3.875291906,11.50826663,13.27821074,15.24997785,17.7241245,25.16108409,32.76501954,40.37185891,47.97869829
1169,-4.7938,55.646,14.81166744,3.95323404,11.73972761,13.54526988,15.55669431,18.08060245,25.66713851,33.42400875,41.18384132,48.9436739
1172,-0.23807,53.742347,41.75291432,11.14385283,33.09335989,38.18304015,43.85308592,50.96778252,72.35362523,94.21962647,116.0939783,137.9683301
1175,-1.238354,54.606092,17.28647474,4.613760107,13.70125988,15.80848115,18.15598441,21.10159971,29.95573207,39.00865889,48.065043,57.12142712
1178,-4.25,55.8,12.77612957,3.409948981,10.12636029,11.68377049,13.41876888,15.59582136,22.13975493,28.83061398,35.52402826,42.21744254
1181,-2.670016,51.53703,6.860111011,1.830963629,5.437323988,6.27357152,7.205174595,8.374137511,11.88788637,15.48052651,19.07453867,22.66855083
1184,0.9755,51.1052,32.01176044,8.543938862,25.37252133,29.27475492,33.62195199,39.07675597,55.47317967,72.23773861,89.00869991,105.7796612
1187,-1.8487,57.574077,7.343626609,1.960013942,5.820558451,6.715746534,7.713011028,8.964365002,12.72577055,16.57162781,20.41895379,24.26627977
1190,-1.8494,57.58328,8.811753352,2.35185697,6.984195707,8.05834844,9.254984545,10.75650732,15.26988738,19.88460261,24.50108019,29.11755778
1193,-4.1192,56.3941,4.294866885,1.146299972,3.404111493,3.927655766,4.510898689,5.242744006,7.442574825,9.691796613,11.94187737,14.19195813
1196,-1.47706,53.37526,3.069583726,0.819271896,2.432952061,2.807134317,3.223983787,3.747040854,5.319281639,6.926822636,8.53497755,10.14313246
1200,-4.413444,57.943086,12.0808174,3.224370165,9.575255873,11.04790751,12.68848252,14.7470538,20.93484848,27.26157255,33.59071279,39.91985302
1203,-2.692423,52.708557,14.41147451,3.846422548,11.4225347,13.17929344,15.13637168,17.59208694,24.97364419,32.52093339,40.07110489,47.62127638
1206,-3.1849,55.9653,19.64078416,5.242125292,15.56728553,17.96149711,20.6287156,23.97550522,34.03551487,44.32139354,54.61120036,64.90100718
1209,-3.3,55.9257,5.501399951,1.468323647,4.360409601,5.031030255,5.778120369,6.71555892,9.533375975,12.41445913,15.29664256,18.178826
1212,1.618617,52.215035,81.3564846,21.71404574,64.4831497,74.40050517,85.44871578,99.31186075,140.9826522,183.5890432,226.2117054,268.8343677
1216,-0.171495,51.527105,17.99819658,4.803718667,14.26537061,16.45935077,18.90350587,21.97039856,31.18907485,40.6147304,50.04398559,59.47324077
1221,-0.171495,51.527105,0,0,0,0,0,0,0,0,0,0
1224,-1.494575,53.777704,13.07758402,3.490407176,10.3652931,11.95945059,13.7353865,15.96380682,22.66214535,29.51087611,36.36222237,43.21356864
1227,-4.704,56.2464,12.0365311,3.212550151,9.540154553,11.00740769,12.64196862,14.69299352,20.85810475,27.16163609,33.46757473,39.77351338
1230,-2.275361,53.421151,5.568768001,1.486304179,4.413805517,5.092638337,5.848877031,6.797795099,9.650118069,12.56648187,15.48395943,18.40143698
1233,-3.0339,55.9078,41.17894025,10.99065915,32.63842804,37.65814086,43.25024095,50.26713237,71.35898556,92.92439657,114.4980434,136.0716902
1236,-3.0339,55.9078,0,0,0,0,0,0,0,0,0,0
1239,-4.8113,55.9355,15.4603333,4.126362958,12.25386017,14.1384748,16.23798806,18.87242886,26.79121158,34.88778812,42.98745674,51.08712536
1242,-1.55633,54.70558,16.38547167,4.373282388,12.98712484,14.98451384,17.20966089,20.00174527,28.39438385,36.97545537,45.55980398,54.14415258
1245,-3.451578,58.479367,21.22617823,5.66526697,16.82386887,19.41133999,22.293855,25.91079577,36.78284426,47.89899379,59.01938857,70.13978334
1248,-1.449522,54.973534,24.32957966,6.493564813,19.28362484,22.2494006,25.55335752,29.6991179,42.1607286,54.90212947,67.64839626,80.39466304
1251,-2.988174,53.879073,23.54369311,6.28381169,18.66073116,21.53070735,24.72794087,28.73978618,40.79886579,53.12869787,65.46323868,77.7977795
1254,-2.044787,53.491812,14.95642495,3.991869818,11.85446241,13.67765061,15.70873312,18.25730793,25.91798879,33.75066854,41.58633956,49.42201059
1257,-2.044787,53.491812,0,0,0,0,0,0,0,0,0,0
1260,-0.86891,53.07769,18.34584542,4.896506142,14.54091708,16.77727564,19.26864144,22.3947735,31.79151553,41.39923477,51.01062319,60.6220116
1263,-1.724607,54.978229,1.29E-10,3.45E-11,1.03E-10,1.18E-10,1.36E-10,1.58E-10,2.24E-10,2.92E-10,3.60E-10,4.28E-10
1266,-1.743554,54.977571,27.34680635,7.298862615,21.67507871,25.00865441,28.72235071,33.38224651,47.38928073,61.71080321,76.03779506,90.36478691
1269,-4.0802,55.7526,11.55798501,3.084826199,9.16085892,10.56977729,12.13935166,14.1088323,20.02883223,26.08174898,32.13697732,38.19220567
1272,-4.0802,55.7526,0,0,0,0,0,0,0,0,0,0
1275,-3.9146,56.1157,9.491859059,2.533377183,7.52324749,8.680305109,9.96929957,11.58671235,16.44844256,21.41932915,26.39211411,31.36489907
1278,-4.5761,55.9469,11.17302422,2.982080164,8.855738997,10.21773065,11.73502734,13.63891067,19.36173367,25.21304646,31.06659385,36.92014123
1281,-0.871169444,53.07900278,17.3132891,4.620916862,13.72251294,15.83300288,18.18414755,21.13433201,30.00219869,39.06916819,48.13960035,57.21003251
1284,-4.047,58.0365,11.33095399,3.024231619,8.980914129,10.36215742,11.90090097,13.83169553,19.63541016,25.56943076,31.50571756,37.44200435
1287,-2.07,57.5862,7.169165222,1.913450198,5.682280355,6.556201595,7.529774232,8.751399986,12.42344641,16.17793824,19.9338639,23.68978956
1290,-4.634636111,57.095045,26.50672322,7.074644428,21.00922883,24.24039839,27.8400114,32.35675704,45.93350067,59.81507162,73.70194392,87.58881621
1293,-3.990747222,58.55691667,21.11569985,5.635780291,16.7363037,19.31030752,22.17781956,25.77593481,36.59139627,47.64968829,58.71220344,69.77471859
1295,-1.601998,53.487953,3.648676471,0.97383175,2.891940971,3.336714633,3.832204898,4.453939368,6.322791457,8.233603325,10.14514493,12.05668653
1298,-0.502818,51.936685,13.75922282,3.672336571,10.90556001,12.58280927,14.45131173,16.7958833,23.84335723,31.04906222,38.25751906,45.46597589
1301,-3.959595,51.68314,58.24334469,15.5451487,46.163675,53.26353872,61.17298493,71.09765087,100.929892,131.4319316,161.9456199,192.4593082
1305,-3.959595,51.68314,0,0,0,0,0,0,0,0,0,0
1308,-2.788,57.1515,6.544686882,1.746776929,5.187318823,5.985116153,6.873884632,7.989099277,11.3412879,14.76874042,18.19750187,21.62626333
1311,-3.15327,51.01688,6.032438113,1.610057732,4.781310449,5.516664654,6.33586975,7.363797205,10.45361201,13.61279985,16.77319417,19.9335885
1314,-5.214,56.430053,20.9048331,5.579499955,16.56917072,19.11746987,21.95634621,25.51852977,36.22598528,47.17384638,58.12588844,69.0779305
1317,-2.977713889,56.52038333,12.99518451,3.468414746,10.29998324,11.88409624,13.64884229,15.86322173,22.51935524,29.32493337,36.13311054,42.9412877
1320,-3.2413,55.9615,9.959619119,2.658222343,7.893994114,9.108071684,10.46058796,12.15770706,17.25902397,22.4748765,27.69272096,32.91056542
1323,-1.386021,53.412016,1.275838889,0.3405214,1.011229904,1.166754664,1.340013586,1.557416532,2.210901212,2.879058038,3.547470032,4.215882026
1326,-1.087646,53.578981,16.07503083,4.290425728,12.74106944,14.70061569,16.88360488,19.62279013,27.85642093,36.27491457,44.69662322,53.11833187
1330,-1.087646,53.578981,0,0,0,0,0,0,0,0,0,0
1333,-1.267979,53.40506,4.64325157,1.239283844,3.680241195,4.246253561,4.876807124,5.668017192,8.046290646,10.47796149,12.91056099,15.34316049
1336,-3.511878,58.5739028,34.21777141,9.13272319,27.12100562,31.29215196,35.93892531,41.76963356,59.29597608,77.21582297,95.14251341,113.0692039
1339,-3.511878,58.5739028,0,0,0,0,0,0,0,0,0,0
1342,0.390143,51.459088,20.08792794,5.361467968,15.92169169,18.3704101,21.09835072,24.52133364,34.81037033,45.3304182,55.85448365,66.3785491
1346,0.390143,51.459088,0,0,0,0,0,0,0,0,0,0
1349,-1.394641,53.401268,3.006362394,0.802398123,2.382842834,2.74931841,3.157582423,3.669866575,5.209725393,6.784157379,8.359190637,9.934223895
1352,-1.116915,54.606738,20.26136398,5.407758047,16.05915709,18.52901736,21.28051059,24.73304701,35.11091765,45.72179396,56.33672255,66.95165114
1355,-4.0668,57.3011,11.48116032,3.06432169,9.099967671,10.49952111,12.05866269,14.0150524,19.89570272,25.90838638,31.92336627,37.93834617
1358,-4.026,54.8545,72.17534293,19.26359903,57.20617681,66.00435111,75.80576268,88.10444112,125.0726518,162.8708789,200.683541,238.4962032
1361,-2.419814,55.95103,71.91634917,19.19447359,57.00089835,65.76750131,75.53374153,87.78828743,124.6238415,162.2864335,199.9634089,237.6403842
1364,-0.048113,51.603722,10.8408515,2.893423266,8.5924589,9.913958698,11.38614633,13.23342743,18.78611157,24.4634655,30.1429876,35.8225097
1367,-3.94724,52.92703,94.50480317,25.22333197,74.90450699,86.4246425,99.25839477,115.3620132,163.7673734,213.2595388,262.7706052,312.2816716
1370,-3.94724,52.92703,0,0,0,0,0,0,0,0,0,0
1373,-3.13041,51.482,6.15982323,1.64405682,4.882275892,5.633158344,6.469662339,7.519296217,10.67435768,13.9002571,17.12738849,20.35451988
1376,-4.028594444,56.70692778,8.617302398,2.29995801,6.83007388,7.880523043,9.050752708,10.51914104,14.93292332,19.44580459,23.96040932,28.47501404
1379,-4.011797222,56.707625,15.46788103,4.128377446,12.2598425,14.1453772,16.24591544,18.88164237,26.80429103,34.90482032,43.00844319,51.11206606
1383,-1.499451,55.023723,45.66653032,12.18839694,36.19529193,41.76204198,47.96355679,55.74513356,79.13553039,103.0510923,126.9757876,150.9004828
1387,-3.299965,51.574199,13.44551989,3.588609258,10.65691906,12.29592794,14.12182954,16.41294613,23.29974141,30.34116018,37.38526805,44.42937592
1391,-2.977617,51.547216,6.184985309,1.650772579,4.902219356,5.656169065,6.49609007,7.550011567,10.71796104,13.95703785,17.19735165,20.43766546
1394,-2.253635,51.879253,19.45578886,5.192750047,15.42065825,17.79231891,20.43441504,23.74968146,33.71493652,43.90393315,54.09682093,64.28970872
1397,0.19887,52.726053,33.41562268,8.918629694,26.48522254,30.55858694,35.0964285,40.79045061,57.90593255,75.40569415,92.91213887,110.4185836
1400,-0.01104,51.714526,13.76262656,3.673245029,10.90825781,12.58592199,14.45488668,16.80003824,23.84925557,31.0567431,38.26698315,45.47722321
1403,0.300665,51.552813,15.96547043,4.261184057,12.65423186,14.60042271,16.76853359,19.48904975,27.6665637,36.02768056,44.39199052,52.75630048
1406,-2.819849,53.562699,6.169495737,1.646638412,4.889942321,5.642003852,6.479821373,7.531103446,10.69111916,13.92208408,17.1542829,20.38648171
1409,-0.404187,51.642877,8.112635088,2.165262305,6.430074571,7.419004788,8.520700633,9.903093652,14.05838534,18.30697234,22.55718186,26.80739138
1412,-1.47081,54.94071,30.68528035,8.189901326,24.32115321,28.06168888,32.22874995,37.45752173,53.17452232,69.24440364,85.32042202,101.3964404
1415,-0.807366,53.360669,24.25666396,6.47410361,19.22583185,22.18271919,25.47677415,29.61010969,42.03437297,54.73758789,67.44565413,80.15372038
1418,-2.4901,55.9172,42.71999853,11.40196761,33.85987083,39.06743865,44.86881445,52.1483022,74.02948544,96.40194867,118.7829559,141.1639631
1421,-3.2959,56.1628,16.18978525,4.321053683,12.83202379,14.80555861,17.00413145,19.76287085,28.05527886,36.53386939,45.01569789,53.49752638
1424,-3.2959,56.1628,0,0,0,0,0,0,0,0,0,0
1427,-4.2641,55.8626,16.33542742,4.35992558,12.94745978,14.93874838,17.15709942,19.94065626,28.30766218,36.86252553,45.42065595,53.97878638
1430,0.001931,51.519771,14.83749094,3.960126332,11.76019532,13.56888546,15.58381673,18.11212519,25.71188805,33.48228205,41.25564355,49.02900506
1433,-2.167708,53.528941,4.594203354,1.226192875,3.641365578,4.201398967,4.825291783,5.608144034,7.961294992,10.36727929,12.77418243,15.18108556
1436,-3.1994,55.9302,7.202468774,1.922338916,5.708676751,6.586657694,7.564752954,8.792053633,12.48115814,16.25309104,20.02646443,23.79983782
1439,-2.908636,51.565226,8.800282125,2.348795299,6.975103612,8.047858003,9.242936316,10.74250439,15.25000889,19.85871664,24.46918445,29.07965225
1442,-2.908636,51.565226,0,0,0,0,0,0,0,0,0,0
1445,-4.840927778,56.08963889,7.87468639,2.101753797,6.241476433,7.201400704,8.270783115,9.612629676,13.64604405,17.77001731,21.89556551,26.02111371
1448,-1.413918,53.416024,1.663315152,0.443938814,1.318343589,1.521101706,1.746979904,2.030408806,2.882358827,3.753436972,4.62484778,5.496258588
1451,-2.060301,52.577165,2.224941634,0.593836922,1.763488739,2.034709124,2.336856198,2.715986253,3.855601358,5.020803291,6.186450213,7.352097135
1455,-1.55444,52.85496,20.91147586,5.581272906,16.57443576,19.12354467,21.96332309,25.52663858,36.23749651,47.18883642,58.14435862,69.09988082
1458,-1.131318,54.575945,0,0,0,0,0,0,0,0,0,0
1461,-0.18864,51.430956,20.15038301,5.378137225,15.97119357,18.42752526,21.16394728,24.59757254,34.91859872,45.4713543,56.02813996,66.58492562
1465,-0.18864,51.430956,0,0,0,0,0,0,0,0,0,0
1468,-2.0971,57.1538,7.078400138,1.889224997,5.610339949,6.473196926,7.434443665,8.640603048,12.2661596,15.97311775,19.68149158,23.38986542
1472,-0.257138,51.534577,15.08936383,4.027351207,11.95982977,13.79922322,15.84835883,18.41958643,26.14835858,34.05065842,41.95597613,49.86129384
1476,-3.9281,55.7638,10.99858647,2.935522728,8.717479632,10.05820732,11.55181536,13.4259745,19.05945049,24.81941022,30.58156967,36.34372912
1479,-3.9281,55.7638,0,0,0,0,0,0,0,0,0,0
1482,-4.3753,55.9284,8.39162545,2.239724833,6.651202332,7.674141474,8.81372421,10.24365719,14.54184774,18.93654199,23.33291456,27.72928714
1485,-4.3753,55.9284,0,0,0,0,0,0,0,0,0,0
1488,-4.254,55.6998,22.20215562,5.925755335,17.59742855,20.30387132,23.31892405,27.10217137,38.47411548,50.10138438,61.73309371,73.36480304
1491,-4.023,55.832,12.59941387,3.362783563,9.986295436,11.52216399,13.23316439,15.38010452,21.8335243,28.43183735,35.03267028,41.6335032
1494,-0.257138,51.534577,0,0,0,0,0,0,0,0,0,0
1497,-1.376874,53.501857,8.101289313,2.162234118,6.421081909,7.408629076,8.508784165,9.889243864,14.03872425,18.28136946,22.52563493,26.7699004
1500,-2.1463,57.1542,5.969607617,1.593288273,4.731510997,5.459206166,6.26987888,7.287100018,10.34473304,13.47101655,16.59849398,19.72597141
1503,0.288649,51.470263,4.153134446,1.108471584,3.291774362,3.798041451,4.362037109,5.069731219,7.196966682,9.371963192,11.54779033,13.72361746
1506,-0.48003,51.353405,22.65586614,6.046850673,17.9570395,20.71878959,23.79545621,27.6560158,39.26035044,51.12522754,62.99463581,74.86404408
1509,-0.48003,51.353405,0,0,0,0,0,0,0,0,0,0
1512,-4.482293,53.415313,51.75391157,13.813119,41.02015031,47.32895213,54.35713332,63.17599986,89.68435336,116.7878769,143.9017511,171.0156254
1515,-0.250454,51.926167,16.86190544,4.500442563,13.36474626,15.42021253,17.71005929,20.58332798,29.21999594,38.05057583,46.88452809,55.71848035