"","id","long","lat","order","piece","group","voltage"
"1",0,261591.048759243,875124.581181024,1,"1","0.1",275
"3",1,261591.048759243,875124.581181024,1,"1","1.1",275
"5",2,250766.340357247,844658.672479555,1,"1","2.1",275
"7",3,250766.340357247,844658.672479555,1,"1","3.1",275
"9",4,250766.340357247,844658.672479555,1,"1","4.1",275
"11",5,250766.340357247,844658.672479555,1,"1","5.1",275
"13",6,343491.765680408,848362.177328143,1,"1","6.1",275
"15",7,343491.765680408,848362.177328143,1,"1","7.1",275
"17",8,343491.765680408,848362.177328143,1,"1","8.1",275
"19",9,343491.765680408,848362.177328143,1,"1","9.1",275
"21",10,343491.765680408,848362.177328143,1,"1","10.1",275
"23",11,282660.963666102,692459.070274993,1,"1","11.1",275
"25",12,282660.963666102,692459.070274993,1,"1","12.1",275
"27",13,282660.963666102,692459.070274993,1,"1","13.1",275
"29",14,356572.295742113,835907.231347536,1,"1","14.1",275
"31",15,356572.295742113,835907.231347536,1,"1","15.1",275
"33",16,182752.992727877,650247.480061044,1,"1","16.1",275
"35",17,182752.992727877,650247.480061044,1,"1","17.1",275
"37",18,298125.138722087,966650.7920375,1,"1","18.1",275
"39",19,298125.138722087,966650.7920375,1,"1","19.1",275
"41",20,232141.42248753,829248.350057933,1,"1","20.1",275
"43",21,235823.870841854,808347.256059766,1,"1","21.1",275
"45",22,235823.870841854,808347.256059766,1,"1","22.1",275
"47",23,383496.875275482,785556.312092391,1,"1","23.1",275
"49",24,383496.875275482,785556.312092391,1,"1","24.1",275
"51",25,250890.929713714,822487.882180719,1,"1","25.1",275
"53",26,250890.929713714,822487.882180719,1,"1","26.1",275
"55",27,287628.507211075,928070.613304404,1,"1","27.1",275
"57",28,343909.086476353,850407.01938638,1,"1","28.1",275
"59",29,343909.086476353,850407.01938638,1,"1","29.1",275
"61",30,377099.684484444,814294.461600544,1,"1","30.1",275
"63",31,377099.684484444,814294.461600544,1,"1","31.1",275
"65",32,377099.684484444,814294.461600544,1,"1","32.1",275
"67",33,377099.684484444,814294.461600544,1,"1","33.1",275
"69",34,377099.684484444,814294.461600544,1,"1","34.1",275
"71",35,265934.492648495,839893.72985184,1,"1","35.1",275
"73",36,265934.492648495,839893.72985184,1,"1","36.1",275
"75",37,265934.492648495,839893.72985184,1,"1","37.1",275
"77",38,265934.492648495,839893.72985184,1,"1","38.1",275
"79",39,412125.356658445,842632.856157122,1,"1","39.1",275
"81",40,412125.356658445,842632.856157122,1,"1","40.1",275
"83",41,391730.521137662,809260.062058887,1,"1","41.1",275
"85",42,339942.058061151,736910.828735338,1,"1","42.1",275
"87",43,339942.058061151,736910.828735338,1,"1","43.1",275
"89",44,339942.058061151,736910.828735338,1,"1","44.1",275
"91",45,339942.058061151,736910.828735338,1,"1","45.1",275
"93",46,339942.058061151,736910.828735338,1,"1","46.1",275
"95",47,276935.966124007,759132.839084882,1,"1","47.1",275
"97",48,209936.469343844,578968.770603322,1,"1","48.1",275
"99",49,236487.599669825,621156.298255636,1,"1","49.1",275
"101",50,284101.029998717,680911.02380473,1,"1","50.1",275
"103",51,284001.247278509,680951.203467789,1,"1","51.1",275
"105",52,258313.619745994,655643.036391194,1,"1","52.1",275
"107",53,258313.619745994,655643.036391194,1,"1","53.1",275
"109",54,258313.619745994,655643.036391194,1,"1","54.1",275
"111",55,259943.004980218,664693.425449023,1,"1","55.1",275
"113",56,265532.21226996,660871.932803281,1,"1","56.1",275
"115",57,265532.21226996,660871.932803281,1,"1","57.1",275
"117",58,265532.21226996,660871.932803281,1,"1","58.1",275
"119",59,265532.21226996,660871.932803281,1,"1","59.1",275
"121",60,258556.551784487,662507.48364748,1,"1","60.1",275
"123",61,259301.04372047,666125.483635354,1,"1","61.1",275
"125",62,274049.062571139,663857.884991839,1,"1","62.1",275
"127",63,339736.059488221,675265.985610365,1,"1","63.1",275
"129",64,339736.059488221,675265.985610365,1,"1","64.1",275
"131",65,246329.481128352,619691.504349431,1,"1","65.1",275
"133",66,246329.481128352,619691.504349431,1,"1","66.1",275
"135",67,246329.481128352,619691.504349431,1,"1","67.1",275
"137",68,246463.056664837,619709.113287814,1,"1","68.1",275
"139",69,208005.557165293,727738.19393404,1,"1","69.1",275
"141",70,208005.557165293,727738.19393404,1,"1","70.1",275
"143",71,318271.88781487,668450.141859706,1,"1","71.1",275
"145",72,318271.88781487,668450.141859706,1,"1","72.1",275
"147",73,214255.14071794,729382.094662716,1,"1","73.1",275
"149",74,214255.14071794,729382.094662716,1,"1","74.1",275
"151",75,282372.013329128,684493.730834287,1,"1","75.1",275
"153",76,282372.013329128,684493.730834287,1,"1","76.1",275
"155",77,324592.783399782,673341.403058576,1,"1","77.1",275
"157",78,253294.878077914,671671.836922345,1,"1","78.1",275
"159",79,270411.518019201,666990.096772249,1,"1","79.1",275
"161",80,270411.518019201,666990.096772249,1,"1","80.1",275
"163",81,262663.117419217,656795.241390902,1,"1","81.1",275
"165",82,262663.117419217,656795.241390902,1,"1","82.1",275
"167",83,264417.826080611,651683.605058442,1,"1","83.1",275
"169",84,264417.826080611,651683.605058442,1,"1","84.1",275
"171",85,264417.826080611,651683.605058442,1,"1","85.1",275
"173",86,264417.826080611,651683.605058442,1,"1","86.1",275
"175",87,325620.34742239,702249.468236467,1,"1","87.1",275
"177",88,325599.136684282,702235.810358135,1,"1","88.1",275
"179",89,294748.006930684,680049.513821664,1,"1","89.1",275
"181",90,218845.430602786,651327.162291853,1,"1","90.1",275
"183",91,231609.541091663,717945.360119022,1,"1","91.1",275
"185",92,231620.323677036,718404.28296397,1,"1","92.1",275
"187",93,327334.386932384,666985.700279825,1,"1","93.1",275
"189",94,223206.726958706,576169.459043786,1,"1","94.1",275
"191",95,245276.882194535,634510.398327829,1,"1","95.1",275
"193",96,292365.764063448,688313.628918119,1,"1","96.1",275
"195",97,292714.155966273,688050.243201031,1,"1","97.1",275
"197",98,292714.155966273,688050.243201031,1,"1","98.1",275
"199",99,292714.155966273,688050.243201031,1,"1","99.1",275
"201",100,259096.07976707,670019.484492379,1,"1","100.1",275
"203",101,259096.07976707,670019.484492379,1,"1","101.1",275
"205",102,259096.07976707,670019.484492379,1,"1","102.1",275
"207",103,259096.07976707,670019.484492379,1,"1","103.1",275
"209",104,295287.071938301,685477.215431913,1,"1","104.1",275
"211",105,295287.071938301,685477.215431913,1,"1","105.1",275
"213",106,295287.071938301,685477.215431913,1,"1","106.1",275
"215",107,319677.775166343,691101.467146284,1,"1","107.1",275
"217",108,319677.775166343,691101.467146284,1,"1","108.1",275
"219",109,278802.664862639,660367.972340426,1,"1","109.1",275
"221",110,245036.144152535,659940.030660902,1,"1","110.1",275
"223",111,245036.144152535,659940.030660902,1,"1","111.1",275
"225",112,330003.971011411,673821.235279138,1,"1","112.1",275
"227",113,335462.3075702,668782.421857054,1,"1","113.1",275
"229",114,259082.874453693,666734.061478179,1,"1","114.1",275
"231",115,335462.3075702,668782.421857054,1,"1","115.1",275
"233",116,319133.679519309,698192.407313334,1,"1","116.1",275
"235",117,251693.811710362,673141.248178289,1,"1","117.1",275
"237",118,302500.140737099,166099.834848874,1,"1","118.1",275
"239",119,302500.140737099,166099.834848874,1,"1","119.1",275
"241",120,302500.140737099,166099.834848874,1,"1","120.1",275
"243",121,302500.140737099,166099.834848874,1,"1","121.1",275
"245",122,445188.661357791,394545.404256486,1,"1","122.1",275
"247",123,445188.661357791,394545.404256486,1,"1","123.1",275
"249",124,273900.029036725,193400.480789422,1,"1","124.1",275
"251",125,273900.029036725,193400.480789422,1,"1","125.1",275
"253",126,546811.261896529,182270.602500561,1,"1","126.1",275
"255",127,546811.261896529,182270.602500561,1,"1","127.1",275
"257",128,530311.735876979,165546.593854349,1,"1","128.1",275
"259",129,530311.735876979,165546.593854349,1,"1","129.1",275
"261",130,426300.296095709,276499.689196355,1,"1","130.1",275
"263",131,426300.296095709,276499.689196355,1,"1","131.1",275
"265",132,426300.296095709,276499.689196355,1,"1","132.1",275
"267",133,329472.855051852,386069.224078742,1,"1","133.1",275
"269",134,329472.855051852,386069.224078742,1,"1","134.1",275
"271",135,383599.68617597,268299.86715854,1,"1","135.1",275
"273",136,383599.68617597,268299.86715854,1,"1","136.1",275
"275",137,383599.68617597,268299.86715854,1,"1","137.1",275
"277",138,429878.22297527,583149.099204573,1,"1","138.1",275
"279",139,429878.22297527,583149.099204573,1,"1","139.1",275
"281",140,408900.278159983,434899.466215139,1,"1","140.1",275
"283",141,408900.278159983,434899.466215139,1,"1","141.1",275
"285",142,408900.278159983,434899.466215139,1,"1","142.1",275
"287",143,391499.859343171,390900.409121801,1,"1","143.1",275
"289",144,391499.859343171,390900.409121801,1,"1","144.1",275
"291",145,391499.859343171,390900.409121801,1,"1","145.1",275
"293",146,536805.664177398,198014.138850578,1,"1","146.1",275
"295",147,536805.664177398,198014.138850578,1,"1","147.1",275
"297",148,443313.114062362,389601.774450289,1,"1","148.1",275
"299",149,443313.114062362,389601.774450289,1,"1","149.1",275
"301",150,443313.114062362,389601.774450289,1,"1","150.1",275
"303",151,443313.114062362,389601.774450289,1,"1","151.1",275
"305",152,443313.114062362,389601.774450289,1,"1","152.1",275
"307",153,443313.114062362,389601.774450289,1,"1","153.1",275
"309",154,392382.300446758,304387.513514539,1,"1","154.1",275
"311",155,392382.300446758,304387.513514539,1,"1","155.1",275
"313",156,392382.300446758,304387.513514539,1,"1","156.1",275
"315",157,402689.297115247,295049.577588316,1,"1","157.1",275
"317",158,320585.978615398,178013.319556328,1,"1","158.1",275
"319",159,320585.978615398,178013.319556328,1,"1","159.1",275
"321",160,373373.497095178,393197.094758864,1,"1","160.1",275
"323",161,516900.139613917,161899.772034334,1,"1","161.1",275
"325",162,440899.682688606,369900.114154421,1,"1","162.1",275
"327",163,310097.418662334,193806.876309011,1,"1","163.1",275
"329",164,436579.708597235,284228.353122814,1,"1","164.1",275
"331",165,436579.708597235,284228.353122814,1,"1","165.1",275
"333",166,302398.696013004,177381.055355376,1,"1","166.1",275
"335",167,504462.016991408,434986.557384891,1,"1","167.1",275
"337",168,504462.016991408,434986.557384891,1,"1","168.1",275
"339",169,518352.339222472,179461.734755813,1,"1","169.1",275
"341",170,518352.339222472,179461.734755813,1,"1","170.1",275
"343",171,411759.01237091,422000.812616447,1,"1","171.1",275
"345",172,411759.01237091,422000.812616447,1,"1","172.1",275
"347",173,411759.01237091,422000.812616447,1,"1","173.1",275
"349",174,514671.621565156,197049.209186022,1,"1","174.1",275
"351",175,514671.621565156,197049.209186022,1,"1","175.1",275
"353",176,514671.621565156,197049.209186022,1,"1","176.1",275
"355",177,448099.904379452,425099.970214973,1,"1","177.1",275
"357",178,448099.904379452,425099.970214973,1,"1","178.1",275
"359",179,448099.904379452,425099.970214973,1,"1","179.1",275
"361",180,267900.275625152,344399.473744286,1,"1","180.1",275
"363",181,354299.826223359,386299.635717749,1,"1","181.1",275
"365",182,354299.826223359,386299.635717749,1,"1","182.1",275
"367",183,354299.826223359,386299.635717749,1,"1","183.1",275
"369",184,389649.144287719,568652.811760525,1,"1","184.1",275
"371",185,389649.144287719,568652.811760525,1,"1","185.1",275
"373",186,456226.202819733,520388.76350309,1,"1","186.1",275
"375",187,456226.202819733,520388.76350309,1,"1","187.1",275
"377",188,456213.672292556,520414.575841668,1,"1","188.1",275
"379",189,456213.672292556,520414.575841668,1,"1","189.1",275
"381",190,535746.833112987,186321.152707525,1,"1","190.1",275
"383",191,419500.284278327,292499.575034039,1,"1","191.1",275
"385",192,338386.525396684,561126.604394687,1,"1","192.1",275
"387",193,445737.800161633,534151.347498539,1,"1","193.1",275
"389",194,452799.968814759,527100.113597309,1,"1","194.1",275
"391",195,452799.968814759,527100.113597309,1,"1","195.1",275
"393",196,452799.968814759,527100.113597309,1,"1","196.1",275
"395",197,452799.968814759,527100.113597309,1,"1","197.1",275
"397",198,438572.564391738,545827.43253032,1,"1","198.1",275
"399",199,438572.564391738,545827.43253032,1,"1","199.1",275
"401",200,516736.264009962,429356.745870348,1,"1","200.1",275
"403",201,480700.033983556,370799.820800368,1,"1","201.1",275
"405",202,321000.053208158,145799.46926133,1,"1","202.1",275
"407",203,549884.338631484,172639.394066617,1,"1","203.1",275
"409",204,549884.338631484,172639.394066617,1,"1","204.1",275
"411",205,366799.674214737,185800.486279502,1,"1","205.1",275
"413",206,366799.674214737,185800.486279502,1,"1","206.1",275
"415",207,504311.445175782,183731.612766179,1,"1","207.1",275
"417",208,504311.445175782,183731.612766179,1,"1","208.1",275
"419",209,504311.445175782,183731.612766179,1,"1","209.1",275
"421",210,504311.445175782,183731.612766179,1,"1","210.1",275
"423",211,436201.179422234,381552.552628831,1,"1","211.1",275
"425",212,376356.165928932,404669.980246826,1,"1","212.1",275
"427",213,343841.911291661,397367.182680462,1,"1","213.1",275
"429",214,343841.911291661,397367.182680462,1,"1","214.1",275
"431",215,343841.911291661,397367.182680462,1,"1","215.1",275
"433",216,426648.068073881,434468.051836725,1,"1","216.1",275
"435",217,399194.298008034,281523.310465602,1,"1","217.1",275
"437",218,399194.298008034,281523.310465602,1,"1","218.1",275
"439",219,433732.838873712,459987.144545933,1,"1","219.1",275
"441",220,433732.838873712,459987.144545933,1,"1","220.1",275
"443",221,456158.962939015,519310.958800561,1,"1","221.1",275
"445",222,506439.478893681,170543.752844737,1,"1","222.1",275
"447",223,338692.259747909,391746.313738339,1,"1","223.1",275
"449",224,278507.745889041,186389.918465732,1,"1","224.1",275
"451",225,448408.39165796,429233.404723083,1,"1","225.1",275
"453",226,434155.752821543,390094.652178168,1,"1","226.1",275
"455",227,434155.752821543,390094.652178168,1,"1","227.1",275
"457",228,534815.031370928,178008.878051264,1,"1","228.1",275
"459",229,435271.519719162,383680.48595942,1,"1","229.1",275
"461",230,435271.519719162,383680.48595942,1,"1","230.1",275
"463",231,441145.669628093,522125.566895977,1,"1","231.1",275
"465",232,398099.741862425,293799.795512561,1,"1","232.1",275
"467",233,434897.174605533,554187.297605048,1,"1","233.1",275
"469",234,350156.847724108,427922.869340691,1,"1","234.1",275
"471",235,437100.909148482,389478.746624352,1,"1","235.1",275
"473",236,437100.909148482,389478.746624352,1,"1","236.1",275
"475",237,541628.063462548,189726.667792246,1,"1","237.1",275
"477",238,385803.132533107,413979.90669236,1,"1","238.1",275
"479",239,385803.132533107,413979.90669236,1,"1","239.1",275
"481",240,516301.20334662,428770.180157241,1,"1","240.1",275
"483",241,526941.762064764,182494.712269512,1,"1","241.1",275
"485",242,435335.356371895,564462.862171124,1,"1","242.1",275
"487",243,435335.356371895,564462.862171124,1,"1","243.1",275
"489",244,440909.425066582,390753.83783534,1,"1","244.1",275
"491",245,460504.712751524,409540.788321301,1,"1","245.1",275
"493",246,448763.660234315,390053.957983284,1,"1","246.1",275
"495",247,448763.660234315,390053.957983284,1,"1","247.1",275
"497",248,566145.636516104,176054.768681885,1,"1","248.1",275
"499",249,321599.69401935,176500.070184831,1,"1","249.1",275
"501",250,432099.372483518,570023.942698581,1,"1","250.1",275
"503",251,332306.466495783,183600.187522411,1,"1","251.1",275
"505",252,332306.466495783,183600.187522411,1,"1","252.1",275
"507",253,526016.997034944,171772.999306858,1,"1","253.1",275
"509",254,250766.340357247,844658.672479555,1,"1","254.1",400
"511",255,276935.966124007,759132.839084882,1,"1","255.1",400
"513",256,276935.966124007,759132.839084882,1,"1","256.1",400
"515",257,284101.029998717,680911.02380473,1,"1","257.1",400
"517",258,373977.383692776,673048.235698785,1,"1","258.1",400
"519",259,282340.314992477,637431.536126451,1,"1","259.1",400
"521",260,339736.059488221,675265.985610365,1,"1","260.1",400
"523",261,230959.635757697,672388.236466427,1,"1","261.1",400
"525",262,230959.635757697,672388.236466427,1,"1","262.1",400
"527",263,379485.028180246,641670.132626504,1,"1","263.1",400
"529",264,379485.028180246,641670.132626504,1,"1","264.1",400
"531",265,379485.028180246,641670.132626504,1,"1","265.1",400
"533",266,294291.658044896,617173.803411244,1,"1","266.1",400
"535",267,294291.658044896,617173.803411244,1,"1","267.1",400
"537",268,358371.473873987,659283.596515929,1,"1","268.1",400
"539",269,332946.511379246,571330.137162081,1,"1","269.1",400
"541",270,332946.511379246,571330.137162081,1,"1","270.1",400
"543",271,218552.046204841,651154.593613102,1,"1","271.1",400
"545",272,218552.046204841,651154.593613102,1,"1","272.1",400
"547",273,218552.046204841,651154.593613102,1,"1","273.1",400
"549",274,218759.720356317,651157.077517627,1,"1","274.1",400
"551",275,218759.720356317,651157.077517627,1,"1","275.1",400
"553",276,245276.882194535,634510.398327829,1,"1","276.1",400
"555",277,306111.36940213,605273.986926854,1,"1","277.1",400
"557",278,306111.36940213,605273.986926854,1,"1","278.1",400
"559",279,335462.3075702,668782.421857054,1,"1","279.1",400
"561",280,335462.3075702,668782.421857054,1,"1","280.1",400
"563",281,335462.3075702,668782.421857054,1,"1","281.1",400
"565",282,335462.3075702,668782.421857054,1,"1","282.1",400
"567",283,269539.912386272,652985.793705137,1,"1","283.1",400
"569",284,269539.912386272,652985.793705137,1,"1","284.1",400
"571",285,269539.912386272,652985.793705137,1,"1","285.1",400
"573",286,374623.344780062,674886.619059057,1,"1","286.1",400
"575",287,277200.136872486,64999.5601048067,1,"1","287.1",400
"577",288,277200.136872486,64999.5601048067,1,"1","288.1",400
"579",289,250199.662261538,125100.186524662,1,"1","289.1",400
"581",290,250199.662261538,125100.186524662,1,"1","290.1",400
"583",291,493019.974070125,197156.184983711,1,"1","291.1",400
"585",292,493019.974070125,197156.184983711,1,"1","292.1",400
"587",293,334931.55832071,98996.8734571082,1,"1","293.1",400
"589",294,334931.55832071,98996.8734571082,1,"1","294.1",400
"591",295,546811.261896529,182270.602500561,1,"1","295.1",400
"593",296,546811.261896529,182270.602500561,1,"1","296.1",400
"595",297,546811.261896529,182270.602500561,1,"1","297.1",400
"597",298,530311.735876979,165546.593854349,1,"1","298.1",400
"599",299,519678.322895203,338555.867177359,1,"1","299.1",400
"601",300,519678.322895203,338555.867177359,1,"1","300.1",400
"603",301,519678.322895203,338555.867177359,1,"1","301.1",400
"605",302,429878.22297527,583149.099204573,1,"1","302.1",400
"607",303,524000.183176612,121099.851744281,1,"1","303.1",400
"609",304,524000.183176612,121099.851744281,1,"1","304.1",400
"611",305,454185.154486136,109768.149051338,1,"1","305.1",400
"613",306,454185.154486136,109768.149051338,1,"1","306.1",400
"615",307,577499.950749518,221599.882138039,1,"1","307.1",400
"617",308,577499.950749518,221599.882138039,1,"1","308.1",400
"619",309,577499.950749518,221599.882138039,1,"1","309.1",400
"621",310,408900.278159983,434899.466215139,1,"1","310.1",400
"623",311,609945.763450899,246063.882108964,1,"1","311.1",400
"625",312,609945.763450899,246063.882108964,1,"1","312.1",400
"627",313,609945.763450899,246063.882108964,1,"1","313.1",400
"629",314,460504.712751524,409540.788321301,1,"1","314.1",400
"631",315,464399.731985691,159999.57952382,1,"1","315.1",400
"633",316,464399.731985691,159999.57952382,1,"1","316.1",400
"635",317,464399.731985691,159999.57952382,1,"1","317.1",400
"637",318,464399.731985691,159999.57952382,1,"1","318.1",400
"639",319,557799.956750868,267200.485668158,1,"1","319.1",400
"641",320,557799.956750868,267200.485668158,1,"1","320.1",400
"643",321,402689.297115247,295049.577588316,1,"1","321.1",400
"645",322,615877.532845958,159345.788570695,1,"1","322.1",400
"647",323,615877.532845958,159345.788570695,1,"1","323.1",400
"649",324,336991.338116296,374952.575196416,1,"1","324.1",400
"651",325,374999.985262981,392199.579415491,1,"1","325.1",400
"653",326,373373.497095178,393197.094758864,1,"1","326.1",400
"655",327,373373.497095178,393197.094758864,1,"1","327.1",400
"657",328,394599.917532086,349299.622694099,1,"1","328.1",400
"659",329,394599.917532086,349299.622694099,1,"1","329.1",400
"661",330,394599.917532086,349299.622694099,1,"1","330.1",400
"663",331,365569.976063999,80556.7234080597,1,"1","331.1",400
"665",332,365569.976063999,80556.7234080597,1,"1","332.1",400
"667",333,310097.418662334,193806.876309011,1,"1","333.1",400
"669",334,310097.418662334,193806.876309011,1,"1","334.1",400
"671",335,310097.418662334,193806.876309011,1,"1","335.1",400
"673",336,310097.418662334,193806.876309011,1,"1","336.1",400
"675",337,310097.418662334,193806.876309011,1,"1","337.1",400
"677",338,532181.993843063,183027.306051783,1,"1","338.1",400
"679",339,532181.993843063,183027.306051783,1,"1","339.1",400
"681",340,605162.076531899,163882.321375201,1,"1","340.1",400
"683",341,605162.076531899,163882.321375201,1,"1","341.1",400
"685",342,328154.389129838,370929.022412166,1,"1","342.1",400
"687",343,374999.985262981,392199.579415491,1,"1","343.1",400
"689",344,323292.616224381,358335.992317835,1,"1","344.1",400
"691",345,574100.160174086,182292.245570098,1,"1","345.1",400
"693",346,574100.160174086,182292.245570098,1,"1","346.1",400
"695",347,481294.113164412,378922.956428704,1,"1","347.1",400
"697",348,481294.113164412,378922.956428704,1,"1","348.1",400
"699",349,481294.113164412,378922.956428704,1,"1","349.1",400
"701",350,481294.113164412,378922.956428704,1,"1","350.1",400
"703",351,481294.113164412,378922.956428704,1,"1","351.1",400
"705",352,456021.256123661,201692.346900375,1,"1","352.1",400
"707",353,456021.256123661,201692.346900375,1,"1","353.1",400
"709",354,456021.256123661,201692.346900375,1,"1","354.1",400
"711",355,456021.256123661,201692.346900375,1,"1","355.1",400
"713",356,456021.256123661,201692.346900375,1,"1","356.1",400
"715",357,456021.256123661,201692.346900375,1,"1","357.1",400
"717",358,504462.016991408,434986.557384891,1,"1","358.1",400
"719",359,504462.016991408,434986.557384891,1,"1","359.1",400
"721",360,453499.844351956,196000.515144012,1,"1","360.1",400
"723",361,374999.985262981,392199.579415491,1,"1","361.1",400
"725",362,328200.309248759,370899.462324375,1,"1","362.1",400
"727",363,328200.309248759,370899.462324375,1,"1","363.1",400
"729",364,267934.806090441,344436.148833339,1,"1","364.1",400
"731",365,423399.999965849,319500.166503652,1,"1","365.1",400
"733",366,423399.999965849,319500.166503652,1,"1","366.1",400
"735",367,423399.999965849,319500.166503652,1,"1","367.1",400
"737",368,423399.999965849,319500.166503652,1,"1","368.1",400
"739",369,423399.999965849,319500.166503652,1,"1","369.1",400
"741",370,466500.068752051,427000.145636049,1,"1","370.1",400
"743",371,466500.068752051,427000.145636049,1,"1","371.1",400
"745",372,466500.068752051,427000.145636049,1,"1","372.1",400
"747",373,466500.068752051,427000.145636049,1,"1","373.1",400
"749",374,607310.661656107,117018.163206977,1,"1","374.1",400
"751",375,608363.315794349,138186.342345937,1,"1","375.1",400
"753",376,516100.196507439,258799.840709063,1,"1","376.1",400
"755",377,516100.196507439,258799.840709063,1,"1","377.1",400
"757",378,475299.753897031,225899.50039064,1,"1","378.1",400
"759",379,475299.753897031,225899.50039064,1,"1","379.1",400
"761",380,457500.018244841,424500.108227275,1,"1","380.1",400
"763",381,457500.018244841,424500.108227275,1,"1","381.1",400
"765",382,457500.018244841,424500.108227275,1,"1","382.1",400
"767",383,457500.018244841,424500.108227275,1,"1","383.1",400
"769",384,457500.018244841,424500.108227275,1,"1","384.1",400
"771",385,514671.621565156,197049.209186022,1,"1","385.1",400
"773",386,514671.621565156,197049.209186022,1,"1","386.1",400
"775",387,514671.621565156,197049.209186022,1,"1","387.1",400
"777",388,453000.142721521,300136.910560116,1,"1","388.1",400
"779",389,453000.142721521,300136.910560116,1,"1","389.1",400
"781",390,301134.093807891,97431.7720058409,1,"1","390.1",400
"783",391,447099.986716331,102699.561037206,1,"1","391.1",400
"785",392,447099.986716331,102699.561037206,1,"1","392.1",400
"787",393,447099.986716331,102699.561037206,1,"1","393.1",400
"789",394,402000.1746435,261599.819829658,1,"1","394.1",400
"791",395,402000.1746435,261599.819829658,1,"1","395.1",400
"793",396,402000.1746435,261599.819829658,1,"1","396.1",400
"795",397,402000.1746435,261599.819829658,1,"1","397.1",400
"797",398,461633.751178599,415951.572757777,1,"1","398.1",400
"799",399,461633.751178599,415951.572757777,1,"1","399.1",400
"801",400,478279.147889853,150741.43364857,1,"1","400.1",400
"803",401,352385.121329551,379424.698511552,1,"1","401.1",400
"805",402,484572.793311663,416906.28013042,1,"1","402.1",400
"807",403,484572.793311663,416906.28013042,1,"1","403.1",400
"809",404,588853.556966625,175347.489842567,1,"1","404.1",400
"811",405,588853.556966625,175347.489842567,1,"1","405.1",400
"813",406,588853.556966625,175347.489842567,1,"1","406.1",400
"815",407,588853.556966625,175347.489842567,1,"1","407.1",400
"817",408,486899.719315368,261300.531704508,1,"1","408.1",400
"819",409,486899.719315368,261300.531704508,1,"1","409.1",400
"821",410,522500.070574587,409300.09221477,1,"1","410.1",400
"823",411,522500.070574587,409300.09221477,1,"1","411.1",400
"825",412,301622.945190247,373570.613419898,1,"1","412.1",400
"827",413,301622.945190247,373570.613419898,1,"1","413.1",400
"829",414,530823.596575583,186391.236343341,1,"1","414.1",400
"831",415,535746.833112987,186321.152707525,1,"1","415.1",400
"833",416,419500.284278327,292499.575034039,1,"1","416.1",400
"835",417,338386.525396684,561126.604394687,1,"1","417.1",400
"837",418,338386.525396684,561126.604394687,1,"1","418.1",400
"839",419,438572.564391738,545827.43253032,1,"1","419.1",400
"841",420,412637.011927964,568921.405622804,1,"1","420.1",400
"843",421,412637.011927964,568921.405622804,1,"1","421.1",400
"845",422,341800.055206568,459900.282288468,1,"1","422.1",400
"847",423,341800.055206568,459900.282288468,1,"1","423.1",400
"849",424,480700.033983556,370799.820800368,1,"1","424.1",400
"851",425,480700.033983556,370799.820800368,1,"1","425.1",400
"853",426,321000.053208158,145799.46926133,1,"1","426.1",400
"855",427,321000.053208158,145799.46926133,1,"1","427.1",400
"857",428,517199.728816611,416700.025291737,1,"1","428.1",400
"859",429,356399.854261347,489299.707778,1,"1","429.1",400
"861",430,356399.854261347,489299.707778,1,"1","430.1",400
"863",431,328607.129480428,183723.733504126,1,"1","431.1",400
"865",432,194016.537300796,59131.1751630215,1,"1","432.1",400
"867",433,365600.737074349,304044.973302708,1,"1","433.1",400
"869",434,365600.737074349,304044.973302708,1,"1","434.1",400
"871",435,365600.737074349,304044.973302708,1,"1","435.1",400
"873",436,365600.737074349,304044.973302708,1,"1","436.1",400
"875",437,482299.703462297,411900.070914144,1,"1","437.1",400
"877",438,482299.703462297,411900.070914144,1,"1","438.1",400
"879",439,482299.703462297,411900.070914144,1,"1","439.1",400
"881",440,482299.703462297,411900.070914144,1,"1","440.1",400
"883",441,482299.703462297,411900.070914144,1,"1","441.1",400
"885",442,376356.165928932,404669.980246826,1,"1","442.1",400
"887",443,590799.869768106,166899.921687208,1,"1","443.1",400
"889",444,590799.869768106,166899.921687208,1,"1","444.1",400
"891",445,523207.813058448,182306.712674219,1,"1","445.1",400
"893",446,523207.813058448,182306.712674219,1,"1","446.1",400
"895",447,515392.67827089,419167.626698409,1,"1","447.1",400
"897",448,580800.137390744,171999.995117468,1,"1","448.1",400
"899",449,580800.137390744,171999.995117468,1,"1","449.1",400
"901",450,456158.962939015,519310.958800561,1,"1","450.1",400
"903",451,456158.962939015,519310.958800561,1,"1","451.1",400
"905",452,560992.170586548,175990.666191122,1,"1","452.1",400
"907",453,560992.170586548,175990.666191122,1,"1","453.1",400
"909",454,240900.219888049,62899.9788863637,1,"1","454.1",400
"911",455,329528.300827711,348321.503643683,1,"1","455.1",400
"913",456,329528.300827711,348321.503643683,1,"1","456.1",400
"915",457,491035.743339611,223745.121120046,1,"1","457.1",400
"917",458,555600.185198012,176399.516185178,1,"1","458.1",400
"919",459,555600.185198012,176399.516185178,1,"1","459.1",400
"921",460,560875.17266115,171921.195875018,1,"1","460.1",400
"923",461,467499.783709565,113499.557371014,1,"1","461.1",400
"925",462,392057.247538959,374627.753020454,1,"1","462.1",400
"927",463,407499.830910139,105299.577487373,1,"1","463.1",400
"929",464,439234.151053463,111040.847954,1,"1","464.1",400
"931",465,389699.652453423,165999.684673354,1,"1","465.1",400
"933",466,389699.652453423,165999.684673354,1,"1","466.1",400
"935",467,448408.39165796,429233.404723083,1,"1","467.1",400
"937",468,584495.489764283,312911.776851976,1,"1","468.1",400
"939",469,621799.895294393,302300.542955872,1,"1","469.1",400
"941",470,584495.489764283,312911.776851976,1,"1","470.1",400
"943",471,434155.752821543,390094.652178168,1,"1","471.1",400
"945",472,562059.651617125,172452.18515152,1,"1","472.1",400
"947",473,441145.669628093,522125.566895977,1,"1","473.1",400
"949",474,441145.669628093,522125.566895977,1,"1","474.1",400
"951",475,464132.620280403,451678.490550842,1,"1","475.1",400
"953",476,378519.426814277,433256.474744508,1,"1","476.1",400
"955",477,545800.350101087,228399.457789841,1,"1","477.1",400
"957",478,545800.350101087,228399.457789841,1,"1","478.1",400
"959",479,545800.350101087,228399.457789841,1,"1","479.1",400
"961",480,264623.81457612,200082.765619575,1,"1","480.1",400
"963",481,193399.825543492,202400.293181069,1,"1","481.1",400
"965",482,255888.454882281,367893.216948893,1,"1","482.1",400
"967",483,255888.454882281,367893.216948893,1,"1","483.1",400
"969",484,350156.847724108,427922.869340691,1,"1","484.1",400
"971",485,537965.809457378,183399.872942184,1,"1","485.1",400
"973",486,354625.979297504,459001.172988999,1,"1","486.1",400
"975",487,315524.699358585,212904.336760534,1,"1","487.1",400
"977",488,450200.034614667,329799.834098636,1,"1","488.1",400
"979",489,450200.034614667,329799.834098636,1,"1","489.1",400
"981",490,450200.034614667,329799.834098636,1,"1","490.1",400
"983",491,579945.556980426,190826.924406179,1,"1","491.1",400
"985",492,538823.458306204,208575.621587693,1,"1","492.1",400
"987",493,538823.458306204,208575.621587693,1,"1","493.1",400
"989",494,512969.283359046,269129.341629239,1,"1","494.1",400
"991",495,353625.569499673,182227.083037814,1,"1","495.1",400
"993",496,608399.976303934,138199.579774388,1,"1","496.1",400
"995",497,607949.126868633,138243.537309517,1,"1","497.1",400
"997",498,607949.126868633,138243.537309517,1,"1","498.1",400
"999",499,608363.315794349,138186.342345937,1,"1","499.1",400
"1001",500,353314.972195753,312546.349262489,1,"1","500.1",400
"1003",501,566599.90332216,169999.962688441,1,"1","501.1",400
"1005",502,566599.90332216,169999.962688441,1,"1","502.1",400
"1007",503,526941.762064764,182494.712269512,1,"1","503.1",400
"1009",504,428687.049141317,534596.867093032,1,"1","504.1",400
"1011",505,525992.48806394,324876.516589778,1,"1","505.1",400
"1013",506,335134.713162601,442994.619710526,1,"1","506.1",400
"1015",507,397125.942968733,399456.938538582,1,"1","507.1",400
"1017",508,397125.942968733,399456.938538582,1,"1","508.1",400
"1019",509,503024.338433343,227522.745391896,1,"1","509.1",400
"1021",510,548029.736518381,320109.888861315,1,"1","510.1",400
"1023",511,264623.81457612,200082.765619575,1,"1","511.1",400
"1025",512,264623.81457612,200082.765619575,1,"1","512.1",400
"1027",513,566145.636516104,176054.768681885,1,"1","513.1",400
"1029",514,269199.991888617,338400.0529589,1,"1","514.1",400
"1031",515,479467.627863842,385528.518503645,1,"1","515.1",400
"1033",516,538993.747843869,181994.046482408,1,"1","516.1",400
"1035",517,337114.559268495,185541.479549343,1,"1","517.1",400
"1037",518,559056.614984408,177072.133610207,1,"1","518.1",400
"2",0,250766.340357247,844658.672479555,2,"1","0.1",275
"4",1,279233.643929369,907094.530228161,2,"1","1.1",275
"6",2,250766.340357247,844658.672479555,2,"1","2.1",275
"8",3,232141.42248753,829248.350057933,2,"1","3.1",275
"10",4,265934.492648495,839893.72985184,2,"1","4.1",275
"12",5,289735.825295613,958740.302034239,2,"1","5.1",275
"14",6,307081.679525497,851188.32725152,2,"1","6.1",275
"16",7,343491.765680408,848362.177328143,2,"1","7.1",275
"18",8,377099.684484444,814294.461600544,2,"1","8.1",275
"20",9,315141.969328938,852711.010549156,2,"1","9.1",275
"22",10,343909.086476353,850407.01938638,2,"1","10.1",275
"24",11,282660.963666102,692459.070274993,2,"1","11.1",275
"26",12,276935.966124007,759132.839084882,2,"1","12.1",275
"28",13,284101.029998717,680911.02380473,2,"1","13.1",275
"30",14,343491.765680408,848362.177328143,2,"1","14.1",275
"32",15,377099.684484444,814294.461600544,2,"1","15.1",275
"34",16,182752.992727877,650247.480061044,2,"1","16.1",275
"36",17,218845.430602786,651327.162291853,2,"1","17.1",275
"38",18,289735.825295613,958740.302034239,2,"1","18.1",275
"40",19,287628.507211075,928070.613304404,2,"1","19.1",275
"42",20,235823.870841854,808347.256059766,2,"1","20.1",275
"44",21,235823.870841854,808347.256059766,2,"1","21.1",275
"46",22,276935.966124007,759132.839084882,2,"1","22.1",275
"48",23,383496.875275482,785556.312092391,2,"1","23.1",275
"50",24,292365.764063448,688313.628918119,2,"1","24.1",275
"52",25,251940.303616864,823829.694172166,2,"1","25.1",275
"54",26,250890.929713714,822487.882180719,2,"1","26.1",275
"56",27,279233.643929369,907094.530228161,2,"1","27.1",275
"58",28,343909.086476353,850407.01938638,2,"1","28.1",275
"60",29,377099.684484444,814294.461600544,2,"1","29.1",275
"62",30,377099.684484444,814294.461600544,2,"1","30.1",275
"64",31,391730.521137662,809260.062058887,2,"1","31.1",275
"66",32,339942.058061151,736910.828735338,2,"1","32.1",275
"68",33,383496.875275482,785556.312092391,2,"1","33.1",275
"70",34,412125.356658445,842632.856157122,2,"1","34.1",275
"72",35,307081.679525497,851188.32725152,2,"1","35.1",275
"74",36,251940.303616864,823829.694172166,2,"1","36.1",275
"76",37,265934.492648495,839893.72985184,2,"1","37.1",275
"78",38,315141.969328938,852711.010549156,2,"1","38.1",275
"80",39,412125.356658445,842632.856157122,2,"1","39.1",275
"82",40,391730.521137662,809260.062058887,2,"1","40.1",275
"84",41,391730.521137662,809260.062058887,2,"1","41.1",275
"86",42,292365.764063448,688313.628918119,2,"1","42.1",275
"88",43,339942.058061151,736910.828735338,2,"1","43.1",275
"90",44,319133.679519309,698192.407313334,2,"1","44.1",275
"92",45,383496.875275482,785556.312092391,2,"1","45.1",275
"94",46,325620.34742239,702249.468236467,2,"1","46.1",275
"96",47,276935.966124007,759132.839084882,2,"1","47.1",275
"98",48,213508.899012007,569268.478780444,2,"1","48.1",275
"100",49,246463.056664837,619709.113287814,2,"1","49.1",275
"102",50,282372.013329128,684493.730834287,2,"1","50.1",275
"104",51,282372.013329128,684493.730834287,2,"1","51.1",275
"106",52,256059.235944539,658468.442758274,2,"1","52.1",275
"108",53,245036.144152535,659940.030660902,2,"1","53.1",275
"110",54,269539.912386272,652985.793705137,2,"1","54.1",275
"112",55,262102.573931266,662432.112904918,2,"1","55.1",275
"114",56,262102.573931266,662432.112904918,2,"1","56.1",275
"116",57,270411.518019201,666990.096772249,2,"1","57.1",275
"118",58,262663.117419217,656795.241390902,2,"1","58.1",275
"120",59,295287.071938301,685477.215431913,2,"1","59.1",275
"122",60,294291.658044896,617173.803411244,2,"1","60.1",275
"124",61,294291.658044896,617173.803411244,2,"1","61.1",275
"126",62,278802.664862639,660367.972340426,2,"1","62.1",275
"128",63,327334.386932384,666985.700279825,2,"1","63.1",275
"130",64,335462.3075702,668782.421857054,2,"1","64.1",275
"132",65,246463.056664837,619709.113287814,2,"1","65.1",275
"134",66,213508.899012007,569268.478780444,2,"1","66.1",275
"136",67,259632.226507166,611569.719205723,2,"1","67.1",275
"138",68,245276.882194535,634510.398327829,2,"1","68.1",275
"140",69,208005.557165293,727738.19393404,2,"1","69.1",275
"142",70,214255.14071794,729382.094662716,2,"1","70.1",275
"144",71,327334.386932384,666985.700279825,2,"1","71.1",275
"146",72,318864.98356264,671055.161473117,2,"1","72.1",275
"148",73,231620.323677036,718404.28296397,2,"1","73.1",275
"150",74,251693.811710362,673141.248178289,2,"1","74.1",275
"152",75,259096.07976707,670019.484492379,2,"1","75.1",275
"154",76,295287.071938301,685477.215431913,2,"1","76.1",275
"156",77,325159.535247521,671442.361448857,2,"1","77.1",275
"158",78,251693.811710362,673141.248178289,2,"1","78.1",275
"160",79,295287.071938301,685477.215431913,2,"1","79.1",275
"162",80,278802.664862639,660367.972340426,2,"1","80.1",275
"164",81,262663.117419217,656795.241390902,2,"1","81.1",275
"166",82,269539.912386272,652985.793705137,2,"1","82.1",275
"168",83,245036.144152535,659940.030660902,2,"1","83.1",275
"170",84,269539.912386272,652985.793705137,2,"1","84.1",275
"172",85,258442.679178906,647452.232318283,2,"1","85.1",275
"174",86,273387.490663733,661714.434284362,2,"1","86.1",275
"176",87,325599.136684282,702235.810358135,2,"1","87.1",275
"178",88,319616.387983897,697437.380615971,2,"1","88.1",275
"180",89,318271.88781487,668450.141859706,2,"1","89.1",275
"182",90,218845.430602786,651327.162291853,2,"1","90.1",275
"184",91,231620.323677036,718404.28296397,2,"1","91.1",275
"186",92,251693.811710362,673141.248178289,2,"1","92.1",275
"188",93,325159.535247521,671442.361448857,2,"1","93.1",275
"190",94,213508.899012007,569268.478780444,2,"1","94.1",275
"192",95,243376.966314233,636081.914679272,2,"1","95.1",275
"194",96,292714.155966273,688050.243201031,2,"1","96.1",275
"196",97,318271.88781487,668450.141859706,2,"1","97.1",275
"198",98,294748.006930684,680049.513821664,2,"1","98.1",275
"200",99,295287.071938301,685477.215431913,2,"1","99.1",275
"202",100,259096.07976707,670019.484492379,2,"1","100.1",275
"204",101,259082.874453693,666734.061478179,2,"1","101.1",275
"206",102,251693.811710362,673141.248178289,2,"1","102.1",275
"208",103,295287.071938301,685477.215431913,2,"1","103.1",275
"210",104,295287.071938301,685477.215431913,2,"1","104.1",275
"212",105,319677.775166343,691101.467146284,2,"1","105.1",275
"214",106,319616.387983897,697437.380615971,2,"1","106.1",275
"216",107,319677.775166343,691101.467146284,2,"1","107.1",275
"218",108,319616.387983897,697437.380615971,2,"1","108.1",275
"220",109,279119.397084322,653955.923746738,2,"1","109.1",275
"222",110,245036.144152535,659940.030660902,2,"1","110.1",275
"224",111,251693.811710362,673141.248178289,2,"1","111.1",275
"226",112,326132.407779944,675333.048473325,2,"1","112.1",275
"228",113,330003.971011411,673821.235279138,2,"1","113.1",275
"230",114,258400.310689692,665586.810147023,2,"1","114.1",275
"232",115,327334.386932384,666985.700279825,2,"1","115.1",275
"234",116,319616.387983897,697437.380615971,2,"1","116.1",275
"236",117,251693.811710362,673141.248178289,2,"1","117.1",275
"238",118,283045.405087069,183258.766460417,2,"1","118.1",275
"240",119,321599.69401935,176500.070184831,2,"1","119.1",275
"242",120,310008.23157434,186949.02976364,2,"1","120.1",275
"244",121,302398.696013004,177381.055355376,2,"1","121.1",275
"246",122,443313.114062362,389601.774450289,2,"1","122.1",275
"248",123,441430.133908493,400754.072505185,2,"1","123.1",275
"250",124,278507.745889041,186389.918465732,2,"1","124.1",275
"252",125,264623.81457612,200082.765619575,2,"1","125.1",275
"254",126,546865.230085108,182529.249192824,2,"1","126.1",275
"256",127,541628.063462548,189726.667792246,2,"1","127.1",275
"258",128,516900.139613917,161899.772034334,2,"1","128.1",275
"260",129,526016.997034944,171772.999306858,2,"1","129.1",275
"262",130,436579.708597235,284228.353122814,2,"1","130.1",275
"264",131,402000.1746435,261599.819829658,2,"1","131.1",275
"266",132,398099.741862425,293799.795512561,2,"1","132.1",275
"268",133,336991.338116296,374952.575196416,2,"1","133.1",275
"270",134,338692.259747909,391746.313738339,2,"1","134.1",275
"272",135,402000.1746435,261599.819829658,2,"1","135.1",275
"274",136,399194.298008034,281523.310465602,2,"1","136.1",275
"276",137,385900.078157135,295399.588848264,2,"1","137.1",275
"278",138,416512.143951249,564803.641575349,2,"1","138.1",275
"280",139,432099.372483518,570023.942698581,2,"1","139.1",275
"282",140,411759.01237091,422000.812616447,2,"1","140.1",275
"284",141,426648.068073881,434468.051836725,2,"1","141.1",275
"286",142,448408.39165796,429233.404723083,2,"1","142.1",275
"288",143,392057.247538959,374627.753020454,2,"1","143.1",275
"290",144,381797.629159816,391630.081980113,2,"1","144.1",275
"292",145,397125.942968733,399456.938538582,2,"1","145.1",275
"294",146,535272.751508978,191235.86570061,2,"1","146.1",275
"296",147,537504.394986216,203626.953161218,2,"1","147.1",275
"298",148,440899.682688606,369900.114154421,2,"1","148.1",275
"300",149,448763.660234315,390053.957983284,2,"1","149.1",275
"302",150,440346.587261133,389553.219650777,2,"1","150.1",275
"304",151,440909.425066582,390753.83783534,2,"1","151.1",275
"306",152,436201.179422234,381552.552628831,2,"1","152.1",275
"308",153,435271.519719162,383680.48595942,2,"1","153.1",275
"310",154,423399.999965849,319500.166503652,2,"1","154.1",275
"312",155,385900.078157135,295399.588848264,2,"1","155.1",275
"314",156,396010.696682296,297707.181331267,2,"1","156.1",275
"316",157,410235.933394407,289922.796926184,2,"1","157.1",275
"318",158,302398.696013004,177381.055355376,2,"1","158.1",275
"320",159,332306.466495783,183600.187522411,2,"1","159.1",275
"322",160,381797.629159816,391630.081980113,2,"1","160.1",275
"324",161,505940.369621755,162688.416819933,2,"1","161.1",275
"326",162,480700.033983556,370799.820800368,2,"1","162.1",275
"328",163,310008.23157434,186949.02976364,2,"1","163.1",275
"330",164,410235.933394407,289922.796926184,2,"1","164.1",275
"332",165,450200.034614667,329799.834098636,2,"1","165.1",275
"334",166,283045.405087069,183258.766460417,2,"1","166.1",275
"336",167,516301.20334662,428770.180157241,2,"1","167.1",275
"338",168,516736.264009962,429356.745870348,2,"1","168.1",275
"340",169,506439.478893681,170543.752844737,2,"1","169.1",275
"342",170,520981.256120668,183180.662749422,2,"1","170.1",275
"344",171,448099.904379452,425099.970214973,2,"1","171.1",275
"346",172,426648.068073881,434468.051836725,2,"1","172.1",275
"348",173,397125.942968733,399456.938538582,2,"1","173.1",275
"350",174,524099.813307377,192499.637106482,2,"1","174.1",275
"352",175,559602.470986106,186277.574408818,2,"1","175.1",275
"354",176,510519.713435902,194991.857687824,2,"1","176.1",275
"356",177,448408.39165796,429233.404723083,2,"1","177.1",275
"358",178,433405.045857975,431381.862415585,2,"1","178.1",275
"360",179,448099.904379452,425099.970214973,2,"1","179.1",275
"362",180,269199.991888617,338400.0529589,2,"1","180.1",275
"364",181,354299.826223359,386299.635717749,2,"1","181.1",275
"366",182,352385.121329551,379424.698511552,2,"1","182.1",275
"368",183,351008.931718285,391863.56146111,2,"1","183.1",275
"370",184,338386.525396684,561126.604394687,2,"1","184.1",275
"372",185,416512.143951249,564803.641575349,2,"1","185.1",275
"374",186,456158.962939015,519310.958800561,2,"1","186.1",275
"376",187,456251.670965289,520428.090380062,2,"1","187.1",275
"378",188,456158.962939015,519310.958800561,2,"1","188.1",275
"380",189,456251.670965289,520428.090380062,2,"1","189.1",275
"382",190,535272.751508978,191235.86570061,2,"1","190.1",275
"384",191,410235.933394407,289922.796926184,2,"1","191.1",275
"386",192,416512.143951249,564803.641575349,2,"1","192.1",275
"388",193,438572.564391738,545827.43253032,2,"1","193.1",275
"390",194,445737.800161633,534151.347498539,2,"1","194.1",275
"392",195,449296.403905435,523702.398633762,2,"1","195.1",275
"394",196,457139.660761777,523866.036235338,2,"1","196.1",275
"396",197,434000.285885641,560799.70155279,2,"1","197.1",275
"398",198,441145.669628093,522125.566895977,2,"1","198.1",275
"400",199,434897.174605533,554187.297605048,2,"1","199.1",275
"402",200,516022.246197002,428133.915852751,2,"1","200.1",275
"404",201,448763.660234315,390053.957983284,2,"1","201.1",275
"406",202,332299.962432591,135799.858449793,2,"1","202.1",275
"408",203,555600.185198012,176399.516185178,2,"1","203.1",275
"410",204,534815.031370928,178008.878051264,2,"1","204.1",275
"412",205,389699.652453423,165999.684673354,2,"1","205.1",275
"414",206,337114.559268495,185541.479549343,2,"1","206.1",275
"416",207,510419.555949224,179042.642386113,2,"1","207.1",275
"418",208,505940.369621755,162688.416819933,2,"1","208.1",275
"420",209,510519.713435902,194991.857687824,2,"1","209.1",275
"422",210,506439.478893681,170543.752844737,2,"1","210.1",275
"424",211,435271.519719162,383680.48595942,2,"1","211.1",275
"426",212,388980.212638335,403599.892326974,2,"1","212.1",275
"428",213,338692.259747909,391746.313738339,2,"1","213.1",275
"430",214,351008.931718285,391863.56146111,2,"1","214.1",275
"432",215,345794.027003773,407655.295754472,2,"1","215.1",275
"434",216,433405.045857975,431381.862415585,2,"1","216.1",275
"436",217,398099.741862425,293799.795512561,2,"1","217.1",275
"438",218,398500.335007477,288999.81347454,2,"1","218.1",275
"440",219,448408.39165796,429233.404723083,2,"1","219.1",275
"442",220,456972.81664878,453498.249977189,2,"1","220.1",275
"444",221,457139.660761777,523866.036235338,2,"1","221.1",275
"446",222,505940.369621755,162688.416819933,2,"1","222.1",275
"448",223,338692.259747909,391746.313738339,2,"1","223.1",275
"450",224,283045.405087069,183258.766460417,2,"1","224.1",275
"452",225,456972.81664878,453498.249977189,2,"1","225.1",275
"454",226,437100.909148482,389478.746624352,2,"1","226.1",275
"456",227,434887.937092887,386616.504804235,2,"1","227.1",275
"458",228,526016.997034944,171772.999306858,2,"1","228.1",275
"460",229,437100.909148482,389478.746624352,2,"1","229.1",275
"462",230,434887.937092887,386616.504804235,2,"1","230.1",275
"464",231,449296.403905435,523702.398633762,2,"1","231.1",275
"466",232,396010.696682296,297707.181331267,2,"1","232.1",275
"468",233,434000.285885641,560799.70155279,2,"1","233.1",275
"470",234,345794.027003773,407655.295754472,2,"1","234.1",275
"472",235,440909.425066582,390753.83783534,2,"1","235.1",275
"474",236,439051.431716475,391184.146021968,2,"1","236.1",275
"476",237,535272.751508978,191235.86570061,2,"1","237.1",275
"478",238,397125.942968733,399456.938538582,2,"1","238.1",275
"480",239,388980.212638335,403599.892326974,2,"1","239.1",275
"482",240,516022.246197002,428133.915852751,2,"1","240.1",275
"484",241,535272.751508978,191235.86570061,2,"1","241.1",275
"486",242,432099.372483518,570023.942698581,2,"1","242.1",275
"488",243,434000.285885641,560799.70155279,2,"1","243.1",275
"490",244,439051.431716475,391184.146021968,2,"1","244.1",275
"492",245,441430.133908493,400754.072505185,2,"1","245.1",275
"494",246,448763.660234315,390053.957983284,2,"1","246.1",275
"496",247,441430.133908493,400754.072505185,2,"1","247.1",275
"498",248,559602.470986106,186277.574408818,2,"1","248.1",275
"500",249,332306.466495783,183600.187522411,2,"1","249.1",275
"502",250,434000.285885641,560799.70155279,2,"1","250.1",275
"504",251,332306.466495783,183600.187522411,2,"1","251.1",275
"506",252,337114.559268495,185541.479549343,2,"1","252.1",275
"508",253,520981.256120668,183180.662749422,2,"1","253.1",275
"510",254,235823.870841854,808347.256059766,2,"1","254.1",400
"512",255,284101.029998717,680911.02380473,2,"1","255.1",400
"514",256,235823.870841854,808347.256059766,2,"1","256.1",400
"516",257,282372.013329128,684493.730834287,2,"1","257.1",400
"518",258,374623.344780062,674886.619059057,2,"1","258.1",400
"520",259,294291.658044896,617173.803411244,2,"1","259.1",400
"522",260,379485.028180246,641670.132626504,2,"1","260.1",400
"524",261,218759.720356317,651157.077517627,2,"1","261.1",400
"526",262,251693.811710362,673141.248178289,2,"1","262.1",400
"528",263,373977.383692776,673048.235698785,2,"1","263.1",400
"530",264,379485.028180246,641670.132626504,2,"1","264.1",400
"532",265,375903.50277365,642049.937913453,2,"1","265.1",400
"534",266,332946.511379246,571330.137162081,2,"1","266.1",400
"536",267,306111.36940213,605273.986926854,2,"1","267.1",400
"538",268,366382.801219719,669254.387762592,2,"1","268.1",400
"540",269,332946.511379246,571330.137162081,2,"1","269.1",400
"542",270,338399.933074994,561216.236486444,2,"1","270.1",400
"544",271,218759.720356317,651157.077517627,2,"1","271.1",400
"546",272,245276.882194535,634510.398327829,2,"1","272.1",400
"548",273,269539.912386272,652985.793705137,2,"1","273.1",400
"550",274,218845.430602786,651327.162291853,2,"1","274.1",400
"552",275,245036.144152535,659940.030660902,2,"1","275.1",400
"554",276,269539.912386272,652985.793705137,2,"1","276.1",400
"556",277,306111.36940213,605273.986926854,2,"1","277.1",400
"558",278,338399.933074994,561216.236486444,2,"1","278.1",400
"560",279,269539.912386272,652985.793705137,2,"1","279.1",400
"562",280,374623.344780062,674886.619059057,2,"1","280.1",400
"564",281,358371.473873987,659283.596515929,2,"1","281.1",400
"566",282,279119.397084322,653955.923746738,2,"1","282.1",400
"568",283,282340.314992477,637431.536126451,2,"1","283.1",400
"570",284,294291.658044896,617173.803411244,2,"1","284.1",400
"572",285,279119.397084322,653955.923746738,2,"1","285.1",400
"574",286,366382.801219719,669254.387762592,2,"1","286.1",400
"576",287,301134.093807891,97431.7720058409,2,"1","287.1",400
"578",288,257093.708879121,56100.9538362184,2,"1","288.1",400
"580",289,194016.537300796,59131.1751630215,2,"1","289.1",400
"582",290,319200.074126138,124800.253292453,2,"1","290.1",400
"584",291,475299.753897031,225899.50039064,2,"1","291.1",400
"586",292,504311.445175782,183731.612766179,2,"1","292.1",400
"588",293,365569.976063999,80556.7234080597,2,"1","293.1",400
"590",294,301134.093807891,97431.7720058409,2,"1","294.1",400
"592",295,560992.170586548,175990.666191122,2,"1","295.1",400
"594",296,538993.747843869,181994.046482408,2,"1","296.1",400
"596",297,559056.614984408,177072.133610207,2,"1","297.1",400
"598",298,539109.22947972,163323.105069578,2,"1","298.1",400
"600",299,548591.131584662,316534.879934985,2,"1","299.1",400
"602",300,479467.627863842,385528.518503645,2,"1","300.1",400
"604",301,525992.48806394,324876.516589778,2,"1","301.1",400
"606",302,412637.011927964,568921.405622804,2,"1","302.1",400
"608",303,467499.783709565,113499.557371014,2,"1","303.1",400
"610",304,572399.679386977,111900.502910016,2,"1","304.1",400
"612",305,447099.986716331,102699.561037206,2,"1","305.1",400
"614",306,467499.783709565,113499.557371014,2,"1","306.1",400
"616",307,609945.763450899,246063.882108964,2,"1","307.1",400
"618",308,579945.556980426,190826.924406179,2,"1","308.1",400
"620",309,545800.350101087,228399.457789841,2,"1","309.1",400
"622",310,378519.426814277,433256.474744508,2,"1","310.1",400
"624",311,621799.895294393,302300.542955872,2,"1","311.1",400
"626",312,545800.350101087,228399.457789841,2,"1","312.1",400
"628",313,647291.284299945,263596.291640005,2,"1","313.1",400
"630",314,443313.114062362,389601.774450289,2,"1","314.1",400
"632",315,451354.867903051,192088.642153975,2,"1","315.1",400
"634",316,478279.147889853,150741.43364857,2,"1","316.1",400
"636",317,389699.652453423,165999.684673354,2,"1","317.1",400
"638",318,505940.369621755,162688.416819933,2,"1","318.1",400
"640",319,545800.350101087,228399.457789841,2,"1","319.1",400
"642",320,548591.131584662,316534.879934985,2,"1","320.1",400
"644",321,423399.999965849,319500.166503652,2,"1","321.1",400
"646",322,608399.976303934,138199.579774388,2,"1","322.1",400
"648",323,608330.847388734,138473.944682683,2,"1","323.1",400
"650",324,352385.121329551,379424.698511552,2,"1","324.1",400
"652",325,373373.497095178,393197.094758864,2,"1","325.1",400
"654",326,376356.165928932,404669.980246826,2,"1","326.1",400
"656",327,350156.847724108,427922.869340691,2,"1","327.1",400
"658",328,374999.985262981,392199.579415491,2,"1","328.1",400
"660",329,423399.999965849,319500.166503652,2,"1","329.1",400
"662",330,392057.247538959,374627.753020454,2,"1","330.1",400
"664",331,301134.093807891,97431.7720058409,2,"1","331.1",400
"666",332,407499.830910139,105299.577487373,2,"1","332.1",400
"668",333,328607.129480428,183723.733504126,2,"1","333.1",400
"670",334,315524.699358585,212904.336760534,2,"1","334.1",400
"672",335,296066.790432956,204457.79011284,2,"1","335.1",400
"674",336,264623.81457612,200082.765619575,2,"1","336.1",400
"676",337,337114.559268495,185541.479549343,2,"1","337.1",400
"678",338,526941.762064764,182494.712269512,2,"1","338.1",400
"680",339,538993.747843869,181994.046482408,2,"1","339.1",400
"682",340,615877.532845958,159345.788570695,2,"1","340.1",400
"684",341,590799.869768106,166899.921687208,2,"1","341.1",400
"686",342,336991.338116296,374952.575196416,2,"1","342.1",400
"688",343,328154.389129838,370929.022412166,2,"1","343.1",400
"690",344,328154.389129838,370929.022412166,2,"1","344.1",400
"692",345,579945.556980426,190826.924406179,2,"1","345.1",400
"694",346,566145.636516104,176054.768681885,2,"1","346.1",400
"696",347,486899.719315368,261300.531704508,2,"1","347.1",400
"698",348,482299.703462297,411900.070914144,2,"1","348.1",400
"700",349,512969.283359046,269129.341629239,2,"1","349.1",400
"702",350,475869.688175014,353982.434176796,2,"1","350.1",400
"704",351,479467.627863842,385528.518503645,2,"1","351.1",400
"706",352,453499.844351956,196000.515144012,2,"1","352.1",400
"708",353,451354.867903051,192088.642153975,2,"1","353.1",400
"710",354,475299.753897031,225899.50039064,2,"1","354.1",400
"712",355,491035.743339611,223745.121120046,2,"1","355.1",400
"714",356,399899.994787259,189800.530261516,2,"1","356.1",400
"716",357,382637.290938124,220106.856704209,2,"1","357.1",400
"718",358,484572.793311663,416906.28013042,2,"1","358.1",400
"720",359,477823.73664875,445581.80955456,2,"1","359.1",400
"722",360,451354.867903051,192088.642153975,2,"1","360.1",400
"724",361,392057.247538959,374627.753020454,2,"1","361.1",400
"726",362,328154.389129838,370929.022412166,2,"1","362.1",400
"728",363,301622.945190247,373570.613419898,2,"1","363.1",400
"730",364,255888.454882281,367893.216948893,2,"1","364.1",400
"732",365,419500.284278327,292499.575034039,2,"1","365.1",400
"734",366,398500.335007477,288999.81347454,2,"1","366.1",400
"736",367,450200.034614667,329799.834098636,2,"1","367.1",400
"738",368,405845.592090217,317669.744854067,2,"1","368.1",400
"740",369,430099.786684019,328700.167402305,2,"1","369.1",400
"742",370,466500.068752051,427000.145636049,2,"1","370.1",400
"744",371,457500.018244841,424500.108227275,2,"1","371.1",400
"746",372,477823.73664875,445581.80955456,2,"1","372.1",400
"748",373,460504.712751524,409540.788321301,2,"1","373.1",400
"750",374,572399.679386977,111900.502910016,2,"1","374.1",400
"752",375,607310.661656107,117018.163206977,2,"1","375.1",400
"754",376,518311.092726994,257975.339812893,2,"1","376.1",400
"756",377,520400.663971453,226740.045767161,2,"1","377.1",400
"758",378,491035.743339611,223745.121120046,2,"1","378.1",400
"760",379,464512.963855946,266415.461489909,2,"1","379.1",400
"762",380,448408.39165796,429233.404723083,2,"1","380.1",400
"764",381,385803.132533107,413979.90669236,2,"1","381.1",400
"766",382,460504.712751524,409540.788321301,2,"1","382.1",400
"768",383,448099.904379452,425099.970214973,2,"1","383.1",400
"770",384,426506.111095375,399100.287599458,2,"1","384.1",400
"772",385,514671.621565156,197049.209186022,2,"1","385.1",400
"774",386,526941.762064764,182494.712269512,2,"1","386.1",400
"776",387,503024.338433343,227522.745391896,2,"1","387.1",400
"778",388,464512.963855946,266415.461489909,2,"1","388.1",400
"780",389,450200.034614667,329799.834098636,2,"1","389.1",400
"782",390,319200.074126138,124800.253292453,2,"1","390.1",400
"784",391,467499.783709565,113499.557371014,2,"1","391.1",400
"786",392,407499.830910139,105299.577487373,2,"1","392.1",400
"788",393,439234.151053463,111040.847954,2,"1","393.1",400
"790",394,419500.284278327,292499.575034039,2,"1","394.1",400
"792",395,365600.737074349,304044.973302708,2,"1","395.1",400
"794",396,399899.994787259,189800.530261516,2,"1","396.1",400
"796",397,382637.290938124,220106.856704209,2,"1","397.1",400
"798",398,466500.068752051,427000.145636049,2,"1","398.1",400
"800",399,460504.712751524,409540.788321301,2,"1","399.1",400
"802",400,467499.783709565,113499.557371014,2,"1","400.1",400
"804",401,351900.835949178,380032.829137997,2,"1","401.1",400
"806",402,517199.728816611,416700.025291737,2,"1","402.1",400
"808",403,515392.67827089,419167.626698409,2,"1","403.1",400
"810",404,590799.869768106,166899.921687208,2,"1","404.1",400
"812",405,580800.137390744,171999.995117468,2,"1","405.1",400
"814",406,587052.181214155,174655.038664992,2,"1","406.1",400
"816",407,566145.636516104,176054.768681885,2,"1","407.1",400
"818",408,475869.688175014,353982.434176796,2,"1","408.1",400
"820",409,503024.338433343,227522.745391896,2,"1","409.1",400
"822",410,482299.703462297,411900.070914144,2,"1","410.1",400
"824",411,522817.827018062,413458.148973804,2,"1","411.1",400
"826",412,301737.886287493,373570.096301758,2,"1","412.1",400
"828",413,255888.454882281,367893.216948893,2,"1","413.1",400
"830",414,535746.833112987,186321.152707525,2,"1","414.1",400
"832",415,538993.747843869,181994.046482408,2,"1","415.1",400
"834",416,430099.786684019,328700.167402305,2,"1","416.1",400
"836",417,338399.933074994,561216.236486444,2,"1","417.1",400
"838",418,356399.854261347,489299.707778,2,"1","418.1",400
"840",419,441145.669628093,522125.566895977,2,"1","419.1",400
"842",420,416512.143951249,564803.641575349,2,"1","420.1",400
"844",421,375903.50277365,642049.937913453,2,"1","421.1",400
"846",422,338572.734970859,442488.562466184,2,"1","422.1",400
"848",423,354625.979297504,459001.172988999,2,"1","423.1",400
"850",424,479467.627863842,385528.518503645,2,"1","424.1",400
"852",425,475716.032127844,354126.082196245,2,"1","425.1",400
"854",426,389699.652453423,165999.684673354,2,"1","426.1",400
"856",427,319200.074126138,124800.253292453,2,"1","427.1",400
"858",428,515392.67827089,419167.626698409,2,"1","428.1",400
"860",429,356399.854261347,489299.707778,2,"1","429.1",400
"862",430,354625.979297504,459001.172988999,2,"1","430.1",400
"864",431,389699.652453423,165999.684673354,2,"1","431.1",400
"866",432,240900.219888049,62899.9788863637,2,"1","432.1",400
"868",433,329528.300827711,348321.503643683,2,"1","433.1",400
"870",434,385900.078157135,295399.588848264,2,"1","434.1",400
"872",435,405845.592090217,317669.744854067,2,"1","435.1",400
"874",436,353314.972195753,312546.349262489,2,"1","436.1",400
"876",437,484572.793311663,416906.28013042,2,"1","437.1",400
"878",438,482866.463976763,411712.095528701,2,"1","438.1",400
"880",439,461633.751178599,415951.572757777,2,"1","439.1",400
"882",440,479467.627863842,385528.518503645,2,"1","440.1",400
"884",441,515392.67827089,419167.626698409,2,"1","441.1",400
"886",442,378519.426814277,433256.474744508,2,"1","442.1",400
"888",443,615877.532845958,159345.788570695,2,"1","443.1",400
"890",444,560875.17266115,171921.195875018,2,"1","444.1",400
"892",445,526941.762064764,182494.712269512,2,"1","445.1",400
"894",446,521014.520623521,183084.490679604,2,"1","446.1",400
"896",447,522817.827018062,413458.148973804,2,"1","447.1",400
"898",448,562059.651617125,172452.18515152,2,"1","448.1",400
"900",449,566145.636516104,176054.768681885,2,"1","449.1",400
"902",450,441145.669628093,522125.566895977,2,"1","450.1",400
"904",451,477823.73664875,445581.80955456,2,"1","451.1",400
"906",452,566145.636516104,176054.768681885,2,"1","452.1",400
"908",453,559056.614984408,177072.133610207,2,"1","453.1",400
"910",454,257093.708879121,56100.9538362184,2,"1","454.1",400
"912",455,353314.972195753,312546.349262489,2,"1","455.1",400
"914",456,323292.616224381,358335.992317835,2,"1","456.1",400
"916",457,503024.338433343,227522.745391896,2,"1","457.1",400
"918",458,560875.17266115,171921.195875018,2,"1","458.1",400
"920",459,559056.614984408,177072.133610207,2,"1","459.1",400
"922",460,539109.22947972,163323.105069578,2,"1","460.1",400
"924",461,436204.889440887,115918.819769189,2,"1","461.1",400
"926",462,397125.942968733,399456.938538582,2,"1","462.1",400
"928",463,436204.889440887,115918.819769189,2,"1","463.1",400
"930",464,436204.889440887,115918.819769189,2,"1","464.1",400
"932",465,399899.994787259,189800.530261516,2,"1","465.1",400
"934",466,353625.569499673,182227.083037814,2,"1","466.1",400
"936",467,378519.426814277,433256.474744508,2,"1","467.1",400
"938",468,584495.489764283,312911.776851976,2,"1","468.1",400
"940",469,584495.489764283,312911.776851976,2,"1","469.1",400
"942",470,548591.131584662,316534.879934985,2,"1","470.1",400
"944",471,426506.111095375,399100.287599458,2,"1","471.1",400
"946",472,559056.614984408,177072.133610207,2,"1","472.1",400
"948",473,464132.620280403,451678.490550842,2,"1","473.1",400
"950",474,428687.049141317,534596.867093032,2,"1","474.1",400
"952",475,477823.73664875,445581.80955456,2,"1","475.1",400
"954",476,350156.847724108,427922.869340691,2,"1","476.1",400
"956",477,538823.458306204,208575.621587693,2,"1","477.1",400
"958",478,503024.338433343,227522.745391896,2,"1","478.1",400
"960",479,520400.663971453,226740.045767161,2,"1","479.1",400
"962",480,193399.825543492,202400.293181069,2,"1","480.1",400
"964",481,382637.290938124,220106.856704209,2,"1","481.1",400
"966",482,269199.991888617,338400.0529589,2,"1","482.1",400
"968",483,235122.77920741,393816.168909107,2,"1","483.1",400
"970",484,338572.734970859,442488.562466184,2,"1","484.1",400
"972",485,532181.993843063,183027.306051783,2,"1","485.1",400
"974",486,350156.847724108,427922.869340691,2,"1","486.1",400
"976",487,382637.290938124,220106.856704209,2,"1","487.1",400
"978",488,475869.688175014,353982.434176796,2,"1","488.1",400
"980",489,430099.786684019,328700.167402305,2,"1","489.1",400
"982",490,475716.032127844,354126.082196245,2,"1","490.1",400
"984",491,566145.636516104,176054.768681885,2,"1","491.1",400
"986",492,538823.458306204,208575.621587693,2,"1","492.1",400
"988",493,537504.394986216,203626.953161218,2,"1","493.1",400
"990",494,516100.196507439,258799.840709063,2,"1","494.1",400
"992",495,337114.559268495,185541.479549343,2,"1","495.1",400
"994",496,608330.847388734,138473.944682683,2,"1","496.1",400
"996",497,608330.847388734,138473.944682683,2,"1","497.1",400
"998",498,608363.315794349,138186.342345937,2,"1","498.1",400
"1000",499,608399.976303934,138199.579774388,2,"1","499.1",400
"1002",500,353314.972195753,312546.349262489,2,"1","500.1",400
"1004",501,580800.137390744,171999.995117468,2,"1","501.1",400
"1006",502,562059.651617125,172452.18515152,2,"1","502.1",400
"1008",503,530823.596575583,186391.236343341,2,"1","503.1",400
"1010",504,416512.143951249,564803.641575349,2,"1","504.1",400
"1012",505,548591.131584662,316534.879934985,2,"1","505.1",400
"1014",506,338572.734970859,442488.562466184,2,"1","506.1",400
"1016",507,426506.111095375,399100.287599458,2,"1","507.1",400
"1018",508,460504.712751524,409540.788321301,2,"1","508.1",400
"1020",509,520400.663971453,226740.045767161,2,"1","509.1",400
"1022",510,548591.131584662,316534.879934985,2,"1","510.1",400
"1024",511,296066.790432956,204457.79011284,2,"1","511.1",400
"1026",512,264623.81457612,200082.765619575,2,"1","512.1",400
"1028",513,566145.636516104,176054.768681885,2,"1","513.1",400
"1030",514,323292.616224381,358335.992317835,2,"1","514.1",400
"1032",515,479467.627863842,385528.518503645,2,"1","515.1",400
"1034",516,537965.809457378,183399.872942184,2,"1","516.1",400
"1036",517,337114.559268495,185541.479549343,2,"1","517.1",400
"1038",518,559056.614984408,177072.133610207,2,"1","518.1",400
